note_id,type,title,desc,time,last_update_time,user_id,nickname,avatar,liked_count,collected_count,comment_count,share_count,ip_location,image_list,last_modify_ts
6507a498000000001302bf73,normal,洛杉矶｜吃了两年总结出的9家华人区美食（上）,"📍洛杉矶San Gabriel周边 & Rowland
美食攻略看这一篇就够‼️
个人口味供参考 欢迎补充
字数有限 先放9家啦
	
🍢拾酒nine dining
前段时间新开的夜宵烧烤店，在alhambra。咸蛋黄鸡翅巨巨巨好吃！还有🎃，生腌好吃新鲜，烤串中规中矩，缺点是烤串种类较少，菜品量不是很多。不过氛围很好，适合朋友聚会🍻
🍢从前的小酒馆little skewer
开了很多年的烧烤夜宵店，在monterey park和rowland都有店。锡纸鸭血、芝士玉米、麻辣烫都很好吃！烤串我个人感觉一般，可能因为肉比较小。这边的酒很特色，氛围不错，还有驻唱🎤不过环境略吵，有时需要等位🔥
🍢老街漫烤qin's garden
这家店面挺小的，我感觉很多人都不知道啊！但是我真的好爱！在sg，米线好吃配料很足，尤其是里面的汤！烧烤里面我❤️生蚝🦪巨巨巨大一只！大盘鸡味道也🉑️
	
🦞月老儿炸串& 小红袍spicy tails
位于rosemead，炸串和麻辣烫味道都不错，随便点没有踩雷的！隔壁新开海鲜店小红袍和这家一起的，新鲜小龙虾和牛蛙味道都不错！
🥩阿凡提Dolan's
新疆菜，在alhambra和rl都有分店，室外用餐可以带🐶他们家的大盘鸡、茶、烤包子、烤羊腿都很好吃！！😋量大性价比高
🐟老刘家烤鱼
老牌中餐了！开了很多年！在sg、rl和mp都有分店，烤鱼很大一条，肉质很嫩，烧烤味道中规中矩
	
🌶️洞庭鲜
在san gabriel，我上次去等了很久，给我感觉就是一个字：辣🥵还好我在隔壁买了一大杯甘蔗汁解辣，不过牛蛙和紫苏鱼很好吃！！我一边被辣到一边继续吃！紫苏鱼汤也好喝就是略有些咸，可能因为我口味偏淡
🌶️蓉合川菜
这家的冒烤鸭我真的吹爆！！！在alhambra，冒烤鸭配菜巨巨多，还有毛肚鸭血午餐肉等等。牛蛙也很好吃，量大性价比高🌟
🌶️二娃冷锅鱼
sg前段时间新开的，冷锅鱼好好吃！肉很嫩，略有些小刺可以接受。牛蛙和冒烤鸭绝了😍缺点是价格略高，不过人多的话a一下还行
	
           @小红书成长笔记 @吃货薯",1694999704000,1694999807000,571a2d844775a76bb34de0d0,757小朋友,https://sns-avatar-qc.xhscdn.com/avatar/63d9ae92955ccf02b20c49bf.jpg,96,132,8,29,美国,"https://sns-img-qc.xhscdn.com/6258e04e-42cd-3d0b-4034-3edc1c916cec,https://sns-img-qc.xhscdn.com/a22e6f18-706f-db4f-46f8-d8dfc06bd51e,https://sns-img-qc.xhscdn.com/6b35f59f-a798-5fa9-c446-275d0605f12a,https://sns-img-qc.xhscdn.com/9de643d8-9621-aabf-5097-5358a189af88,https://sns-img-qc.xhscdn.com/32582a48-b6e7-77ff-66ea-578b19aa77dd,https://sns-img-qc.xhscdn.com/c58aae76-7058-41e4-fc08-6848f5a814b0,https://sns-img-qc.xhscdn.com/f3fbf68c-1979-25c0-d0b1-b420c240b7e9,https://sns-img-qc.xhscdn.com/ab650def-2368-ae1d-e5cf-d3c499d7afee,https://sns-img-qc.xhscdn.com/f56351ef-f763-7df7-c78b-7037f80b896f,https://sns-img-qc.xhscdn.com/69a31660-b2c7-ae21-8868-4ece88964c5d,https://sns-img-qc.xhscdn.com/9864af40-3c22-68ca-3e82-3bd3441ebcc5",1696390971234
6497ad0a000000000800fe2a,normal,🇺🇸洛杉矶｜就着咸奶茶的烤包子带我回新疆,"洛杉矶好吃的太多了，但又到了每天蕞困难的选吃什么的时间了😜对阿伦来说这种时候就要开发味蕾新世界😋
	
这不，这家“刀郎”新疆菜就是我时不时会去光顾换换口味😊
	
下面是阿伦的pick
1⃣️ 大盘🐔 🌟🌟🌟🌟🌟
还有无骨版本的，我觉得有骨就可以，小份够2-3人吃了，🐔软嫩入味，下面的裤带面也是劲道入味，小辣，很正宗
	
2⃣️ 烤bao子 🌟🌟🌟🌟🌟
我一开始以为是bao子性状，没想到是三角状，外皮酥软内陷十足，我喜欢干一点的所以出奇爱这个😂
	
3⃣️ 羊肉串 🌟🌟🌟🌟🌟
吃新疆菜怎么能没有大串的羊肉串，大快朵颐的快感是其他烤串店替代不了的😋
	
4⃣️ 咸奶茶 🌟🌟🌟🌟🌟
所有上面这些都很搭咸味的奶茶，就着奶茶喝，你会发现不一样的味蕾碰撞💥
	
📍Dolan‘s Uyghur Cuisine
18920 Gale Ave, Rowland Heights, CA 91748 另外我很期待尔湾要开的新店🥰
	
        @吃货薯",1687661834000,1687661835000,5aadd2dc11be104efc93c028,吃吃浪浪阿伦,https://sns-avatar-qc.xhscdn.com/avatar/62b69640cc1db03bf1b033d5.jpg,204,230,29,211,,"https://sns-img-hw.xhscdn.net/5a40b4fb-ba01-e8a0-22ec-f7c3bea8736d,https://sns-img-hw.xhscdn.net/30628a93-06c6-9344-f436-3fd7c462829f,https://sns-img-hw.xhscdn.net/c62bbf58-525f-d854-3a7f-f5044b83a3b7,https://sns-img-hw.xhscdn.net/f6c40830-745f-30af-04c5-25fcfb5c2ce9,https://sns-img-hw.xhscdn.net/43400e41-6055-694e-f6ed-dda9a923b561",1696390971240
63b66e0d000000001f011802,normal,洛杉矶50家中餐馆强烈推荐！！赶紧去试试！！,"这次推荐的餐厅都是我亲自去过并且觉得很不错的！
‼️ UCLA附近：
1. Fifty-one 伍拾壹：北京菜广东菜和dim sum
2. Qin West 桂陕一家：桂林米粉和陕西凉皮肉夹馍
3. Feng Mao BBQ Lamb Kebab Western
4. Northern Cafe 颐丰园：面食、烧烤和火锅
5. Popcorn Chicken：好吃的台湾便当
6. Mr Rice 米先生：双椒肥牛米线和红烧牛腩饭
7. Sichuan Impression 锦城里：合格的四川味道
8. Capital Seafood Beverly Hills：港式点心
9. 海底捞
	
‼️ 东边的中国城地区：
10. 幺妹儿火锅：我最喜欢的四川火锅🍲！
11. 山城辣妹子火锅：以前爱吃
12. 那年遇见串串：室友最爱吃的串串🍢
13. 老刘家烤鱼：最喜欢的烤鱼！老刘家绝味
14. 海港大酒楼：Dim Sum
15. 老码头火锅
16. 辣椒王：湖南菜 辣
17. 洞庭春：湖南菜，麻辣小龙虾
18. 隆兴记：蟹黄汤包
19. 北京缘：烤鸭和全鱼泡饼
20. 那家小馆：米其林北京菜
21. 金海餐厅：煎饼果子豆浆油条
22.  西安食府
23. 一品香：麻辣香锅
24. 山里屯：东北铁锅炖大鹅
25. 吴铭火锅
26. 原味店：正宗的广东小食
27. 上海壹号：好吃😋
28. 上海滩：正宗上海菜
29. 大院炒鸡：山东菜
30. 壹家砂锅馆：黄焖鸡米饭
31. 禄鼎记：老牌米线
32. Alice’s Kitchen：港式茶餐厅，菠萝油
33. 活粥王：海鲜粥
34. 从前的小酒馆：烤串
35. 沸腾石锅鱼
36. 滋味成都：老牌四川菜
37. 聚点串吧：最喜欢的烤串
38. 唇辣号重庆火锅
39. Dolans Uyghur Cuisine：新疆菜！羊肉！咸奶茶！
40. 杨铭宇黄焖鸡米饭
41. 宽窄巷子：好吃的川菜
42. 金鸭子：烤鸭
43. 吉荣烤鸭
44. 祥记私房菜：港式茶餐厅
45. 老西面馆儿：山西人觉得还可以
46. 一瓢红油：川菜
47. 喜湘御：湖南菜
48. 那家老菜馆：地道的东北菜
49. 宽窄巷子：四川菜
50. 康康小美：贼好吃的生煎包！
	
   ",1672900109000,1672957065000,608df267000000000101cea7,LY的旅行魔方,https://sns-avatar-qc.xhscdn.com/avatar/608df267000000000101cea7.jpg,428,730,34,426,,"https://sns-img-qc.xhscdn.com/1000g0081rfclh0kf20005o4du9jgbjl791lm76g,https://sns-img-qc.xhscdn.com/1000g0081rfclh0kf200g5o4du9jgbjl7mhig6vo,https://sns-img-qc.xhscdn.com/1000g0081rfclh0kf20105o4du9jgbjl7q96rpd0,https://sns-img-qc.xhscdn.com/1000g0081rfclh0kf201g5o4du9jgbjl7bron3h0,https://sns-img-qc.xhscdn.com/1000g0081rfclh0kf20205o4du9jgbjl7ad1l9d8,https://sns-img-qc.xhscdn.com/1000g0081rfclh0kf202g5o4du9jgbjl71ff5028",1696390971256
64ab545e000000002b03db9e,normal,🇺🇸洛杉矶｜四川人认证最正宗的三家川湘菜,"🌶️LA真的是四川人的天堂啊🥹🥹每次过来吃川湘菜都能吃出一堆感慨！！边吃边感叹怎么这么好吃！真的可以吃出家乡的味道！作为一个从小到大无辣不欢的成都女娃娃 给大家推荐我心中最好吃最正宗的三家不可错过的川湘菜！
	
1⃣️那家川菜 【Spicy Home】
罗兰岗不可错过的川菜！这家不仅好吃，而且价格非常美丽，量大味好，童叟无欺！特别是牛蛙爱好者真的会狂喜～它家做干烧牛蛙和仔姜牛蛙都真的很正宗 相当下饭！牛蛙很入味 干烧会先炸再炒所以会更香一些，仔姜的会更能吃到蛙的原味～另外也很推荐它家的水煮牛肉和炒包菜 很有锅气！就是每次去都要排队 可以拿完号去旁边大华逛一逛
	
2⃣️锦城里 【Sichuan Impression】
位于尔湾的一家老牌川菜馆了～有很多正宗的菜品比如在成都经常会吃的跷脚牛肉、冒菜和红油兔丁。真的狂推荐跷脚牛肉（配上葱花香菜 撒一点小米辣 牛肉蘸上干料，这种吃法真的太四川了！）锦城冒菜也是超美味的，很香的红油味，加上面上辣椒面和蒜末 泼上热油激发香味 很绝！）这家有红油兔丁真的完全没想到，这边感觉做兔肉的店很少。虽然味道不算很惊艳，但真的吃出了一种情怀！
	
3⃣️辣椒王 【Hunan Chili King】
这家可以狂吃三碗米饭不费劲！满盆辣椒 极度舒适！真的很香～和长沙吃的湘菜味道很相似了！辣椒王田鸡相当入味！又辣又过瘾！辣椒炒鸡蛋、小炒黄牛肉都是用的长沙辣椒大锅炒 很有锅气 特别特别下饭～另外猪肉渣花菜也很香 猪肉的味道很独特！建议还可以点清炒莴笋 很清新脆嫩的口感 中和辣椒的刺激 一顿吃下去真的是太满足了！！！
	
😭吃完回去继续努力了！看了这些餐厅真的是很佩服 确实做的好吃！来LA的小伙伴选择这三家一定是不踩雷的！相信四川人！又是疯狂羡慕LA人民的一天了😭😭😭
-
  
  
  
  ",1688949854000,1688950566000,63574099000000001802e2b2,麦麦Bhl,https://sns-avatar-qc.xhscdn.com/avatar/1040g2jo30o8s8mam24005oqn82cm5oli24i0rg8,125,151,23,81,,"https://sns-img-bd.xhscdn.com/5e0ced05-9bca-8dd1-5631-7670af42c5f3,https://sns-img-bd.xhscdn.com/1eeca518-ada9-7010-e9fc-76767b974f05,https://sns-img-bd.xhscdn.com/e10d2d0d-608e-2f0a-eaba-0e1bc2c623a1,https://sns-img-bd.xhscdn.com/b96ecfda-9a3c-e66e-9f63-e35643d85370,https://sns-img-bd.xhscdn.com/d4b4b6b4-7747-8b7c-be56-81b52a985fd9,https://sns-img-bd.xhscdn.com/3f117488-0a2b-11ff-2300-4efa07065279,https://sns-img-bd.xhscdn.com/6df18261-f03c-05f1-288a-60ac0ee1be21,https://sns-img-bd.xhscdn.com/1da025a2-9b6e-0085-6bc8-f9668058c085,https://sns-img-bd.xhscdn.com/64b1a243-4cde-0d7b-4bd0-6c427a0d6b6c,https://sns-img-bd.xhscdn.com/745726a7-4a64-62b5-13d3-c5d82dd066cb",1696390971277
64543f0e00000000130020a8,normal,奇诺岗｜连干5⃣️碗竹荪土🐔汤 太鲜美了吧！,"连看两场王嘉尔演唱会和AP 虽然很快乐
但也是真的很累 都没有好好吃饭
一直在排队😭 一回来就想吃点好喝的汤补补
这家开了十多年的东谷的宝藏小店真的很温馨
很好吃😋选择也多 午餐特价很划算
·
✔️竹荪土🐔沙锅
奶白色的8小时高汤  真的绝了！
超大一砂锅 够好几个人喝了
吃不完打包继续喝 分量好足
里面有土🐔 猪肚 猪蹄 满满的胶原蛋白
一口气喝了好几碗 里面还有我喜欢的竹荪鲜啊！
喝完超暖胃 元气满满💪
每次来必点！鲜到掉眉毛
	
✔️山药牛肉
牛肉切的很薄片 太嫩了吧
配上脆脆的山yao 是我喜欢的口感
好下饭！
	
✔️苔条鱼
刚炸出来的很香酥！
里面的鱼肉好嫩
蘸点椒盐好香
	
✔️臭豆腐大肠加鸭血
这个其实一般
本想着臭豆腐➕肥肠双倍的快乐
再加个鸭血就更绝了
但是不够香辣点～
·
阿姨也很贴心 打包的时候怕汤撒了
还帮我们去拿了硬板纸帮我们垫着
很温馨 上海家常小炒菜的味道
还👏我们下次再来
·
🍲：Happy Kitchen
📍：3233 Grand Ave, Ste J, Chino Hills
       ",1683242766000,1694394586000,577ecfd65e87e7659c3e54fd,💥马Q,https://sns-avatar-qc.xhscdn.com/avatar/615221f8827eb240ea21fa4a.jpg,352,461,31,189,美国,"https://sns-img-hw.xhscdn.net/c9457708-c3d4-188a-dd8f-0b0a12b83ba5,https://sns-img-hw.xhscdn.net/6c023d4d-a81a-6523-2383-98162735cb36,https://sns-img-hw.xhscdn.net/3080dc7c-fd86-548b-3386-e71e3a7eabf9,https://sns-img-hw.xhscdn.net/f14f43ad-44f7-1a1c-4339-6b66f20792b9,https://sns-img-hw.xhscdn.net/7294fb58-f1d0-29c2-7f84-0062e2bd5b56,https://sns-img-hw.xhscdn.net/6f16f444-8e53-ab42-bb54-5712ef58f2a2,https://sns-img-hw.xhscdn.net/d9837613-4822-4fd3-a930-ef87518b2a19,https://sns-img-hw.xhscdn.net/18967254-0b2f-2112-024f-c8c08fe17286",1696390971336
650a5124000000001f03c482,normal,洛杉矶｜人均$20超好吃东北菜！糖葫芦独家🔥,"🔥救命🆘救命🆘被我找到了全洛杉矶：
✔️物价低（基本是五年前的肉菜物价）
✔️好吃好吃好吃（🈚️广！不想真正好吃的店被埋没）
✔️正宗（东北沈阳朋友直呼家乡菜天花板👍🏼）
✔️独家糖葫芦（first time在美国吃到！）
·
🔥我们6个人把想吃的点了一遍
饿狼扑食@IvySong小宋同学🐰 一些红榜黑红✔️〰️
✔️锅包肉：不愧是招牌！肉质紧实，趁热吃再蘸甜甜的酱汁，我觉得是是我在la吃过的top锅包肉了！即使后面凉了，但我也觉得不会软塌塌，依旧有回香👍🏼
✔️山楂冰糖葫芦：$2一串回尔湾我可以卖$5哈哈哈！主打一个“独家”！山楂酸酸甜甜，糖霜也是恰到好处的脆～
✔️五彩拉皮：东北菜必点👍🏼他们家拉皮超级劲道QQ弹弹的！拉起来透光～肉菜吃多之后，拉皮简直是解腻神器！
✔️东北酸菜猪肉砂锅：手搓的酸白菜！沈阳人直呼“家乡菜天花板”！猪肉我觉得一般般，但是酸菜和粉丝汤真的“太是那个了”👍🏼
✔️腊八蒜烧肥肠：是北方冬天的腊八蒜🧄肥肠软软糯糯还带一点甜～但被腊八蒜比下去了哈哈，腊八蒜可冲！
✔️孜然鸡架：烧烤味重，下酒菜👌🏼我一个朋友自己吃掉了半盆😂闷头苦啃哈哈哈！可以试一下味道正！
·
〰️沈阳酱大骨：肉确实多😂但是我觉得精瘦肉多反而不那么香了！希望加一点肥肉！
〰️红烧带鱼：带鱼尊嘟厚厚一大块！然后因为太厚了我觉得没有那么入味儿（太实诚的肉😂
💯总体来说：这个物价比尔湾便宜近一倍！我会无限去！
·
🔍：Shenyang Restaurant东北酒家
🗺️：127 S San Gabriel Blvd, San Gabriel, CA 91776
💰：人均$20！我们6个人8道菜$140-$150左右✌🏼
🆘：店面不起眼内室也普通 但是！菜真的好好吃💯
·
🔥关注➕@IvySong小宋同学🐰 一起探索更多美食💞
🔥                   ",1695174948000,1695174948000,5e8aadc000000000010050b9,IvySong小宋同学🐰,https://sns-avatar-qc.xhscdn.com/avatar/614158d60ff53525c9697ff6.jpg,160,131,33,71,美国,"https://sns-img-bd.xhscdn.com/395f2345-c665-01ba-c885-0490488e80d0,https://sns-img-bd.xhscdn.com/eb0ea685-7ade-ff2e-22e7-c6e6eebb0fa6,https://sns-img-bd.xhscdn.com/56461ea6-197b-f3b3-c457-673c41aa8946,https://sns-img-bd.xhscdn.com/4c08de4d-1b49-918b-5e02-84daa73719ee,https://sns-img-bd.xhscdn.com/3b9e322e-ec4e-37c2-c545-9c78e0dc62a3,https://sns-img-bd.xhscdn.com/36e97b77-26e4-7b51-5eaf-5192e478456b,https://sns-img-bd.xhscdn.com/14fa235e-6eae-9e2e-0a67-56691e691555,https://sns-img-bd.xhscdn.com/9005afd4-7d18-b74c-9f7b-374507aad555,https://sns-img-bd.xhscdn.com/64ad0d34-c898-2b86-fbc5-4a3ede05ed92,https://sns-img-bd.xhscdn.com/d2167157-ee3e-be65-8525-e8c035afd853,https://sns-img-bd.xhscdn.com/d6baa455-7e0d-10df-726f-017871287283,https://sns-img-bd.xhscdn.com/545a92d6-4e19-a2b9-916a-4b5964107ff7,https://sns-img-bd.xhscdn.com/db85d67a-b422-d6fc-c187-27876fa84b42,https://sns-img-bd.xhscdn.com/df5658fc-993c-e2cd-fe51-e8e1d8b5cf7e,https://sns-img-bd.xhscdn.com/e651cda6-5011-b4d4-49ea-07d7b14cbaf9",1696390971357
63a525de000000001902192c,normal,在美国我最喜欢的九家中餐,"本人生于浙江，长居洛杉矶和湾区，狂热美食，不觉得只有熟悉的味道才叫好吃，不认为提升了食材和创意就是骗外国人，来分享味道服务和环境都合我意的中餐[大笑R]
·
🔹图1️⃣CheLi
喜欢红烧肉配绍兴酒的家乡味道，还有环境摆盘嗲气声声透露出的江南意境
📍19 St Marks Pl, NY
·
🔸图2️⃣The Dolar Shop
在品质火锅牛油当道的美国，唯有鲜咸浓汤的海鲜豆捞能抚慰我儿时的中国胃
📍 11020 NE 6th St , Bellevue
·
🔹图3️⃣Dumpling Home
放回国内都可以称得上顶尖的小笼生煎，皮薄爆汁还有高品质食材
📍298 Gough St, SF
·
🔸图4️⃣Mountain House
虽然在美国吃中餐选辣菜就不会太差，但这家的辣味有让人难忘的精细和层次
📍23 St Marks Pl, NY
·
🔹图5️⃣uluh
如果这家店开在湾区，那中式烤鸭我一定带着女儿只光顾这家
📍152A 2nd Ave, NY
·
🔸图6️⃣Mister Jiu's
米其林🌟餐厅，主厨曾学厨上海，用最精致的食材和工艺抓住中餐每道菜的精髓
📍28 Waverly Pl, SF
·
🔹图7️⃣Bistro Na's
前米其林🌟餐厅，不谈京菜做的正宗与否，我爱这用餐氛围和每碟食物的精工细作
📍9055 Las Tunas Dr , Temple City
·
🔸图8️⃣Wing Lei
北美第一家米其林🌟中餐，主厨出生于台山，用极致食材诠释了粤菜该如何烘托原汁原味
📍3131 Las Vegas Blvd S, Las Vegas
·
🔹图9️⃣Hakkasan
在敦伦的首店仍然持有米其林🌟，鱼子酱烤鸭的创始者，分店遍布全世界
📍1 Kearny St, San Francisco（已关闭）
·
除了以上9家，我一直想去却还未成行的中餐有
👉洛杉矶的Kato
👉拉斯维加斯的Mott 32和The X Pot
👉纽约不断兴起的精致中餐
至于温哥华的中餐，几年前去还是以传统的粤式海鲜酒楼为主，所以中餐我最爱纽约的[斜眼R]
·
       ",1671767518000,1671767519000,58ec4d635e87e720b284c6a7,兔子公园,https://sns-avatar-qc.xhscdn.com/avatar/6398b1a3ee0e47d4ba359aa8.jpg,647,828,50,152,,"https://sns-img-hw.xhscdn.net/77a9c49d-5748-99d8-0734-8633efda7d40,https://sns-img-hw.xhscdn.net/09187c2d-0f04-33cc-20cd-ab10cf42f6c4,https://sns-img-hw.xhscdn.net/c13a3664-20a7-d5dc-511a-c57c01539c36,https://sns-img-hw.xhscdn.net/24875aa0-cfd6-7175-b270-e0140442ee23,https://sns-img-hw.xhscdn.net/37654aee-3761-3d56-fe62-4097f7c09697,https://sns-img-hw.xhscdn.net/2dcec704-d613-1611-5d38-7faff6e5505b,https://sns-img-hw.xhscdn.net/0731d0fa-0625-93f1-cc46-c1de17c00054,https://sns-img-hw.xhscdn.net/bf32dcb6-e79b-fe0a-4362-438ebe898447,https://sns-img-hw.xhscdn.net/d3201151-3b53-2182-c8bb-9ded1f1b2ffb",1696390971385
6513c0dc0000000020001b51,normal,毕业后也要回UCLA吃这家🦆❤️😋,"眉州东坡真的太好吃了[色色R]
	
West LA好吃的中餐真的太少了，上学的时候来来回回吃了好多次眉州，还偶遇过吴建豪[暗中观察R]毕业之后搬到downtown有时还蛮怀念上学时候的味道捏～
	
🦆招牌烤鸭
不必多说啦眉州东坡的招牌烤鸭，我们点了半只鸭份量已经很足了，厨师现切的时候烤鸭甚至还冒着热气[哭惹R] 鸭皮蘸白糖直接入口完全不腻，饼皮厚度适中，卷着鸭肉黄瓜一起吃尊嘟绝了[赞R]
	
🐔辣子鸡
每次下课来吃的时候都必点的一道菜，上菜很快而且很适合几个朋友一起边聊八卦边吃[吃瓜R]甜辣味的鸡肉配着薯条一起，到现在都第一次见的中餐组合，还蛮有创意的[偷笑R] 味道也很特别，吃着吃着就容易上瘾哈哈哈
	
🐮双椒肥牛
感觉厨房还是有一直在创新的，比记忆里的味道更好吃了[哇R] 很经典不会出错的一道菜，非常下饭而且确实感觉越来越正宗了！
	
🥬干煸四季豆
每次吃饭都必须要点一道素菜，这道也属于是每次必点了[害羞R] 火候掌握的恰到好处，非常入味而且个人觉得比很多肉菜都好吃很多！感觉每桌都点了这道菜哈哈哈哈
	
🍜担担面&酸辣粉
去的有点晚了太饿了所以先点了两碗粉面垫垫肚子[害羞R]第一次吃这个担担面，面条很筋道而且肉也给的蛮多的！看起来小小一碗其实分量比我想象中足很多，吃了半碗感觉要饱了抓紧打住[大笑R] 朋友点的酸辣粉看起来更好吃一点[生气R]我不吃酸但尝了一口是可以接受的酸辣味，而且很开胃最后吃了超多[扯脸H]
	
我们满满一大桌像提前过中秋一样，但其实就两个人[石化R] 没有一道菜踩雷，北方人和南方人都吃得很开心[派对R] 不想做饭所以走的时候打包了满满一大袋，本来以为眉州东坡定位比较中高端所以外卖应该偏贵，不过🐼熊猫外卖上现在还有外卖折扣还是蛮心动的[哇R]还有一家眉州小厨，看起来是眉州东坡的厨师专门做盒饭套餐的才$9.9！！好适合每天上学的时候[哭惹R]
	
📍眉州东坡
Century City Westfield里面，🅿️有停车场
	
                @吃货薯",1695793372000,1695793373000,55f937013397db10d5495888,Jenny尖尖,https://sns-avatar-qc.xhscdn.com/avatar/6280bf50567d9757fcf491dd.jpg,20,2,3,3,美国,"https://sns-img-hw.xhscdn.net/c6acace9-e657-bf3c-1b62-a1833cef3939,https://sns-img-hw.xhscdn.net/fbfe0fbf-155b-d6d5-e85b-d1cc6ae347e1,https://sns-img-hw.xhscdn.net/8f8d9500-02c8-6b57-76e1-954534a00158,https://sns-img-hw.xhscdn.net/9fccf759-62d5-4971-fd38-19b05249a893,https://sns-img-hw.xhscdn.net/16f62604-ceb1-da46-3e25-38a5f212d3d0,https://sns-img-hw.xhscdn.net/5f17b171-477b-f6a2-416a-28b6e267d5d4,https://sns-img-hw.xhscdn.net/abe21a15-b026-82e3-bb5c-ff849ae44945,https://sns-img-hw.xhscdn.net/e949ab73-063d-e4d6-5d31-c14116205e4f,https://sns-img-hw.xhscdn.net/eb171caf-1a44-4a63-5323-f84811860590,https://sns-img-hw.xhscdn.net/d6b1e227-70d6-16b5-974c-c9fa7e4feb25",1696390971408
64e03646000000001700c80d,normal,洛杉矶｜吃了两年总结出的15家一人食（上）,"人均$10-20📍洛杉矶华人区
学生打工人一人食看这篇就够‼️
个人口味供参考 欢迎补充
	
🍜滋味小面
圣盖博和罗兰岗都有，开了好多年啦！个人爱吃牛肉面和鸡汤面
🍜1919兰州拉面
我一般都去MP这家，手工拉面可以选粗细，上菜快服务好
	
🍚壹家黄焖鸡
来过无数次了！每次在SG一个人吃饭我都会想到这家，黄焖鸡香喷喷，套餐有凉菜和汤
🍚胡一南 Master Hu
我每周都要吃两次的餐厅！❤️香菜牛肉和小炒肉，拌饭hin香！！湘菜真的好下饭！上菜快服务好！甜品也好吃解辣🌶️可惜是还没外卖，米饭时软时硬，💣牛蛙饭用的冷冻牛蛙
🍚小碗烧菜 The Bowl
很多人都说觉得贵，但我感觉三菜的套餐💰挺合适！我喜欢吃豆花牛肉、花胶鸡汤、干锅包菜和魔芋烧鸭，缺点是略有点油
🍚一张嘴
在El Monte性价比巨高的盒饭！自选三菜一汤就$10还送饮料，店家人超好，可惜店面较旧堂食环境一般
	
🍔猛nan汉堡
自从重新装修后感觉比之前好吃还干净不少，❤️鸡腿堡、芝士牛肉堡、骨肉相连，有堂食
🍔王pai汉堡 ACE Burger
在Alhambra，这家汉堡也不错，开到12:30，我很喜欢吃他们家的蛋挞，可惜不能堂食
🍗叫了个鸡
SG和Walnut都有，炸鸡爆汁！能吃辣的朋友可以冲那什维尔系列
	
🍲隐烫
Monterey Park、Arcadia、RL都有的麻辣烫店，可以自选食材，干净新鲜卫生，汤很好喝！喜欢吃他们家的日本豆腐、肥牛、芋头和亲亲肠
🍲隆兴记
现做小笼包很不错，居然还有甜口，本杭州人心动啦！缺点是服务一般，忙起来排队要等好久
🍲海南鸡遇上土豆粉
在Walnut，离我好远！但是味道超棒！❤️店内招牌的海南鸡饭和土豆粉，可惜店面不大，饭点要等位
	
🍱茴香小馆 Fennel Bistro
RL前段时间新开的餐厅，都是小碗菜，干净卫生，很喜欢吃他们家的芋泥西米露
🍱原味店/原汁原味
港式茶餐厅！这两家店都是比较类似的菜品，❤️菠萝油！中午还有高性价比lunch combo！
	
           ",1692415558000,1692415611000,571a2d844775a76bb34de0d0,757小朋友,https://sns-avatar-qc.xhscdn.com/avatar/63d9ae92955ccf02b20c49bf.jpg,566,805,43,141,,"https://sns-img-qc.xhscdn.com/7022bd2f-e1ae-cbac-666a-e83361baaa32,https://sns-img-qc.xhscdn.com/60b070b1-217b-8c05-549e-7bcc269f6ac8,https://sns-img-qc.xhscdn.com/075d7213-3bbb-09ee-ecac-1b27faeb3a8a,https://sns-img-qc.xhscdn.com/3c3ed29d-d9ff-2483-804d-a5ab7215ef5d,https://sns-img-qc.xhscdn.com/3b6cec6e-b00d-c791-1e4a-f79d137dc307,https://sns-img-qc.xhscdn.com/e41ed07a-5fa0-cfea-d72c-db2dfb943bf3,https://sns-img-qc.xhscdn.com/f721bcbf-9447-f723-d25b-1e8a974ab171,https://sns-img-qc.xhscdn.com/8730fbef-022f-6b3c-eefc-024a64ef7e67,https://sns-img-qc.xhscdn.com/42ac5040-e7b9-55ac-450b-9aa1770945a3,https://sns-img-qc.xhscdn.com/691b6307-3eb4-261d-dd0b-c5d1c63a4aea,https://sns-img-qc.xhscdn.com/14c1be65-edbf-5e8f-4de1-e971797fe854,https://sns-img-qc.xhscdn.com/ff7f7262-bf45-bf98-9f40-898af0c9f89b,https://sns-img-qc.xhscdn.com/531ae5f0-1ac2-f622-adbb-b17e34bbcc49,https://sns-img-qc.xhscdn.com/6c80b3ae-7c48-d96e-e905-d130a677f1a0,https://sns-img-qc.xhscdn.com/8142ba8e-7f78-eefb-c78c-dbf1db4fedbf,https://sns-img-qc.xhscdn.com/9427858d-1526-0f66-09a2-505ee015b7f5",1696390971424
63b4f163000000001f00eebb,normal,LA吃什么｜San Gabriel周边亚洲美食合集,"祝大家新年快乐呀！好久没更新了，来推荐一波去加州旅游吃到的美食～ 根据推荐指数排名⬇️
	
1⃣️ Mian 🌟🌟🌟🌟🌟
📍 301 W Valley Blvd -115, San Gabriel, CA 91776
推荐爱吃重庆小面的去，选择很多，小菜也好吃，比如小酥肉和海带丝。太久没吃豌杂面了，入嘴的第一口就是熟悉的味道。不确定是否正宗，但是好吃的，适合解馋。
	
2⃣️ 南京盐水鸭 🌟🌟🌟🌟✨
📍 18321 Colima Rd, Rowland Heights, CA 91748
南京人终于吃到了皮肚面和南京烤鸭，味道值得4🌟，老板说南京话。但皮肚面偏咸，烤鸭的肉质偏肥，不是那么正宗。南京的小伙伴还是可以去打卡，有回家的感觉。
	
3⃣️ 隆兴记 🌟🌟🌟🌟
📍 140 W Valley Blvd Ste 211, San Gabriel, CA 91776
据说是LA很有名的小笼包店，蟹黄汤包也很诱人，个头有手掌那么大，蟹黄料足鲜美，汤汁也多。甜口小笼包值得一试，没有想象中甜。还点了无锡酱排骨和油面筋塞肉，不太推荐，前者太甜，后者太咸。
	
4⃣️ Sun Nong Dan 🌟🌟🌟🌟
📍 710 S Western Ave, Los Angeles, CA 90005（多家分店）
推荐24号炖牛肉排骨➕芝士，中份够3人吃，牛肉炖得烂，裹上融化的芝士很过瘾。汤汁咸中带甜，符合我们的口味，年糕、洋葱和胡萝卜也很入味。
	
5⃣️ Boiling Point 🌟🌟🌟🌟
📍250 W Valley Blvd UNIT J, San Gabriel, CA 91776
台式小火锅，随便点没啥踩雷的，喜欢吃臭豆腐可以点招牌臭臭锅。
	
6⃣️ 锦城里 🌟🌟🌟
📍 11057 Santa Monica Blvd, Los Angeles, CA 90025
冲着跷脚牛肉去的，但有点失望，味道一般，汤还不错。芋儿烧鸡正常水平，没留下什么印象。
	
7⃣️ NBC Seafood Restaurant 🌟🌟🌟
📍 404 S Atlantic Blvd, Monterey Park, CA 91754
基本的早茶点心都有，凤爪和排骨不错，其他都是正常水平。
	
💜 关注二三圆与月，下一篇分享LA奶茶店～
	
 ",1672802659000,1672802701000,5bbacaa6db0ca80001dc6f24,二三圆与月,https://sns-avatar-qc.xhscdn.com/avatar/61d058e761e28eacbf4a7e3d.jpg,327,327,12,160,,"https://sns-img-qc.xhscdn.com/1000g0081r9ipcjuf40004bc1if5acrp4tbua23o,https://sns-img-qc.xhscdn.com/1000g0081r9ipcjuf400g4bc1if5acrp4cglt29o,https://sns-img-qc.xhscdn.com/1000g0081r9ipcjuf40104bc1if5acrp4n3mvou8,https://sns-img-qc.xhscdn.com/1000g0081r9ipcjuf401g4bc1if5acrp4s61mudo,https://sns-img-qc.xhscdn.com/1000g0081r9ipcjuf40204bc1if5acrp4jsnio5o,https://sns-img-qc.xhscdn.com/1000g0081r9ipcjuf402g4bc1if5acrp4qvtvm48,https://sns-img-qc.xhscdn.com/1000g0081r9ipcjuf40304bc1if5acrp4mt4defo,https://sns-img-qc.xhscdn.com/1000g0081r9ipcjuf403g4bc1if5acrp437rvg18,https://sns-img-qc.xhscdn.com/1000g0081r9ipcjuf40404bc1if5acrp47mn5tvo",1696390971449
647d5264000000002702a367,normal,LA超全美食大合集吐血整理❗️亲测怒推❗️,"总结了LA个人认为各种菜系的top，亲测每一家都可以冲！当然这些里面还有超级推荐滴，不知道去哪儿吃饭的时候就去这几家！
	
🎈crab house
推荐指数：🌟🌟🌟
吃酱蟹必去的一家店！是一位韩国阿姨开的，人非常热情！推荐酱蟹和海胆饭！海胆饭里面配料很足，拌着吃很赞，美中不足的就是啥时候去都要排队[失望R]
	
🎈汤火功夫
推荐指数：🌟🌟🌟🌟
夜宵首选，每次晚上不想吃sundongdan也不想吃bcd的时候就会去，为数不多的关门时间晚又很好吃的店，除了麻辣香锅还有麻辣烫和烧烤，烧烤不太推荐，料撒好多齁咸[捂脸R]麻辣汤和麻辣香锅都特好吃，还不用排队！
	
🎈Odumark 小木屋
推荐指数：🌟🌟🌟
推荐神奇土豆丝、锅包肉和牛小肠，比较开胃的菜系，但是锅包肉吃多了会有点腻，和名字一样，是木屋的装修所以拍照真的很出片[赞R]
	
🎈喜湘御
推荐指数 ：🌟🌟🌟🌟🌟
最推荐的一家湘菜馆，吃了很多次都没腻，牛蛙是必点菜品了，很香很下饭，是吃过的华人菜馆里面最不油也最常驻的了，强推[赞R][赞R]不太推荐土豆牛腩，感觉这道菜有点踩雷，其他都可以闭眼冲！最近还出了长沙臭豆腐，亲测好吃！
	
🎈喝丢一只鞋
推荐指数：🌟🌟🌟🌟
本命烧烤店，聚餐很合适，一群人围着吃烧烤直接梦回国内，味道也超级赞的，个人认为是la最好吃的烧烤没有之一（如果有当我没说[笑哭R]）推荐羊肉串和酸菜粉丝锅，分量也都比较大，不过停车位不太好进，一不小心就会磕到（别问为什么知道，亲身经历😭）srds还是很爱这家[萌萌哒R]
	
🎈Yasiknara
推荐指数：🌟🌟🌟🌟🌟
这家店是爱辣人士的夜宵圣地了，每天都开到两点半，也可以选择辣度，店里四周都有大屏电视播放韩团MV，氛围直接拉满，聚餐约会感觉都很适配！推荐鱼饼汤、辣鸡脚以及各种炸物[赞R]总体来说，味道和氛围都是满分！就是停车场不太好找，是一个很窄的下坡入口
	
🎈Louders
推荐指数：🌟🌟🌟🌟
也是一家神仙好吃又氛围的韩料了，偏贵，很正宗基本上每个菜都不错，强力推荐章鱼拌饭、明太子意面和street corn，还差一颗星是因为排队！就没有不排队的时候，而且也没有等位的地方，但除开这个，这家店很好吃！
	
la还有啥好吃的店也欢迎大家评论补充～
      ",1685934692000,1685934693000,62b003f5000000001b02524a,LA百事屋🏠,https://sns-avatar-qc.xhscdn.com/avatar/62b009ca4a708a279d293038.jpg,1483,2145,125,599,,"https://sns-img-bd.xhscdn.com/d00c7a3f-8b6e-5a53-eb2e-906d79a8b268,https://sns-img-bd.xhscdn.com/b64f7b2f-aca3-e348-959b-c9004d6bf5dd,https://sns-img-bd.xhscdn.com/2da29298-cd19-21e2-9c3c-a8853ff052ce",1696390971500
63899229000000002203a2e1,normal,我愿称为洛杉矶最好吃的中餐-小酒馆,"来过好几次了，菜单上的任何东西都不会踩雷，来洛杉矶必吃的中餐厅没有之一。唯一的缺点就是排队时间比较长并且不能提前预约，每次基本上都要等半个小时以上。
推荐菜：把把烧，窝蛋茄子，烤馕（夹着把把烧简直不要太香）
💰人均30-50
📍地址：1675 S Azusa Ave, Hacienda Heights, CA 91745
 ",1669960233000,1669960234000,5e8791ec0000000001009bc5,斯密麻赛,https://sns-avatar-qc.xhscdn.com/avatar/635f6d9067fb91f080b10dbb.jpg,470,352,39,225,,"https://sns-img-qc.xhscdn.com/a12356a0-f14c-6dab-67a5-d3af0880b65c,https://sns-img-qc.xhscdn.com/c554c52a-4244-01f0-091b-2749516700fc,https://sns-img-qc.xhscdn.com/fe74315d-6d95-ede2-8030-be4467c42b71",1696390971524
65150a5e000000001f0380f2,normal,LA洛杉矶正宗锅包肉找到啦❗现压冷面封神,"✨哇哇！Get一家LA新开东北菜！老式东北锅包肉和大冷面尊滴香啊❗因为是新开的店，菜单还没上全，老板就是那种热情好客滴东北人，贼能唠！
.
🏠老东北大冷面（Delivery Only at 饭团🍙[派对R]）
📍18025 Gale Ave, City of Industry, CA 91748
.
🧧饭团U惠：
现压大冷面（buy 3 get 1 Free仅堂食）
啤酒（buy 1 get 1 Free仅堂食）
特色菜品buy 4 get 1 Free（🍙外卖+堂食）
.
🔸锅包肉：不夸张✨这真是我在LA吃到过坠好吃的锅包肉！是糖醋汁的老式锅包肉！醋味没那么呛，酸甜适中，特别酥脆！面衣很薄（据老板说粉都是特制的，绝对不粘牙）即使凉了吃也很酥脆！！一百昏[赞R]
	
.
🔸西塔大冷面：现压冷面[哇R]非常劲道没有胶感🍜超级爽滑，小料台上有无限量泡菜+腌萝卜+肉酱，泡菜是圆白菜腌的，和韩式辣白菜很不一样，秘制肉酱也不咸，猛猛加入！
.
🔸扒牛肉条：牛肉非常嫩👉咸鲜口[害羞R]就是国内回民街的味道
.
🔸茄子溜肉段：团团的最爱[萌萌哒R]经典东北菜实力pk锅包肉🍆炸过的茄子外酥里嫩，肉段肥瘦相间，肉量很足下饭神器~
.
🔸溜肝尖：火候把控超好🔥很嫩！
.
🔸孜然鸡架：馋这一口好久了，🐓孜然味混合着秘制辣酱的味道，骨头也可以吃，份量很大（买四送一里的）
.
🔸丸子海带汆豆腐：清淡但很鲜美🤩肉丸很嫩，量大，国内东北小店的那个味儿，天气渐凉来上一碗很舒服（买四送一里的）
.
🔸猪肉炖粉条：白菜炖的软烂有肉肉的香气👉五花肉炖的很是火候，粉条劲道咸鲜回甜，一口肉菜一口汤绝了
.
➡其他：隔壁桌一对东北祖孙俩点的大肘子，特热情地端过来让团团拍照，说软耙好吃每次必点！
➡老板剧透（更多菜单还在准备中）多人份养生炖锅、甲鱼炖鸡、糯玉米山药排骨，老东北人参炖鸡、一锅鲜、小烧烤！
💰人均2️⃣5️⃣能吃撑！好吃实惠量大！一份大冷面团团都吃不完！推荐多叫几个饭搭子一起来[暗中观察R]
.
@吃货薯 @生活薯
             ",1695877726000,1695910100000,5f94d88200000000010081a4,饭团Fantuan US,https://sns-avatar-qc.xhscdn.com/avatar/64f28d7bd811fe361d0d928f.jpg,36,35,20,27,美国,"https://sns-img-hw.xhscdn.net/126ea658-8b07-2d58-6a8b-231c1eab1a55,https://sns-img-hw.xhscdn.net/98e551b9-442d-8c50-c9a4-3cb07c23e416,https://sns-img-hw.xhscdn.net/00a8b723-180f-8f98-3b52-97417277cabe,https://sns-img-hw.xhscdn.net/d232df09-a2e8-56d4-a442-b32272ca00bf,https://sns-img-hw.xhscdn.net/c126a7a7-0ef2-a1b0-1c63-a4a4ab606f5e,https://sns-img-hw.xhscdn.net/5d8e15b9-078d-3996-22ef-7afa93a4ffa7,https://sns-img-hw.xhscdn.net/09f1d94f-c8ac-8a53-0471-2f5dc253eacf,https://sns-img-hw.xhscdn.net/54d7e274-43db-67e2-94f0-a3d6989bff84,https://sns-img-hw.xhscdn.net/51d11ace-b855-50e4-ceb3-c5291080e1ed",1696390971545
64b0c304000000002b03d5d1,video,真的绝了‼️找到了LA蕞好吃的本帮菜‼️,"9⃣️敏啊!! 就是国内的味道😋
8, 9年前就去过他家Rowland店
甚至还在他家过过生日呢🎂
但‼️一直没去过Arcadia这家🏠
前几天朋友请客💰选了这家
没想到真的出乎意料的好吃❤️
·
🌻小葵必点
-糯米烧卖
-茭白毛豆
·
🌻其实每道菜都hin好吃
这俩是我觉得格外惊艳我的✨
·
🏠上海滩 Shanghailander Place
📍1440 S Baldwin Ave, Arcadia, CA  91007
————————————
                  
	
@视频薯 @吃货薯 @生活薯 @日常薯 @薯条小助手 @小红书成长助手
	
",1689305860000,1689305860000,58da8bf85e87e7406e53a232,Crystal小葵,https://sns-avatar-qc.xhscdn.com/avatar/1040g2jo30ndi08jhmi0049blvt5vh8hig4r9aro,100,76,45,45,,https://sns-img-bd.xhscdn.com/0520d258-0969-393b-45f4-f5dd5d6dd1bb,1696390971580
6333355300000000170232fa,normal,洛杉矶｜终于找到一家我愿意二刷的店,"LA好吃的千千万，很难有一家让我愿意二刷
也许因为我本身就是江浙沪的，这家本帮菜，光看菜单就勾起了许多回忆👍
—
🔸菜品：
图1：红烧肉
图2：本帮熏青鱼
图3：桂花糖莲藕
图4：腌笃鲜砂锅
图5:  上海咸肉菜饭
图6:  响油鳝糊（韭黄）
最后再来一张红烧肉特写
💰六道菜小费前$150左右
	
✅下次等着去打卡的：
1. 冰糖元蹄
2. 四喜烤麸
3. 咸蛋黄狮子头
4. 本帮老鸭锅
5. 秘制八宝饭
6. 桂花酒酿圆子
7. 马兰头
8. 生煎
	
🍽️ 体验：
每道菜摆盘精致，有大圆桌也有包厢
适合人多聚餐
服务员大多都是上海人，可能去的早，体验到了在中餐厅前所未有的好服务
·
在湾区的时候一直没有找到一家喜欢的上海菜，终于在la找到了
下次再去试一下Auntie Qiu
·
In a nutshell 👉 适合聚餐 + 喜爱甜口
—
📌Shanghailander Palace 上海滩
📍 1440 S Baldwin Ave, Arcadia
📍 1695 S Azusa Ave, Hacienda Heights
—
碎碎念：撑到要去对面的大华逛超市
然后没忍住，去喝了杯本宫的茶
—
  ",1664300371000,1664300409000,608c55490000000001006f32,purple麻薯,https://sns-avatar-qc.xhscdn.com/avatar/62f3bae886cab5466fbbd657.jpg,553,746,38,344,,"https://sns-img-hw.xhscdn.net/8bb71045-6431-ba48-7096-92182511f7d0,https://sns-img-hw.xhscdn.net/624faccd-b386-188a-dd29-4a3f06b851a0,https://sns-img-hw.xhscdn.net/393b9052-aa30-117c-bdd6-772671a54f44,https://sns-img-hw.xhscdn.net/e7f18729-1a21-cf34-fe29-be99cb572ccc,https://sns-img-hw.xhscdn.net/5cbfe4b1-c6f5-4f8c-9b5e-9a06732678ea,https://sns-img-hw.xhscdn.net/27761883-adc8-4301-4039-6401a66cb2a3,https://sns-img-hw.xhscdn.net/5e6b3e64-765c-cc40-a440-b1993a05732b,https://sns-img-hw.xhscdn.net/811557a0-39e6-29ab-6b2d-bd3eab46889a,https://sns-img-hw.xhscdn.net/288d1abc-a2d2-04a9-8f18-63306fce2b13",1696390971599
64c45560000000000103df0a,normal,洛杉矶LA探店｜洛杉矶最好吃的川菜天花板,"街角狼牙土豆🥔：五星好评⭐️⭐️⭐️⭐️⭐️，这个狼牙土豆虽然价格不是很美丽，尤其是跟国内的比，但是真的很好吃，而且份量蛮大的哦，个人不大能吃辣，所以感觉确实有点太辣了，喜欢吃辣的友友们千万不要错过了哦
·
香辣鸡丁🐔：可以选择有骨或者无骨的，个人感觉无骨的好吃，因为不需要吐骨头，而且肉也很入味～真的不愧是尔湾洛杉矶这边的川菜天花板了
·
夫妻肺片🌶️：也是五星好评⭐️⭐️⭐️⭐️⭐️牛肉很嫩，味道很好，下面还配了菜，所以很绝美～吃的都出汗了，辣椒很正宗的味道哦！
·
水煮牛肉🐂：水煮牛肉个人感觉没有那么的惊艳，因为看网上说是很好吃的必点，所以来试试！个人感觉味道有点淡，所以口味淡的话还是比较合适的哦！
	
人均：💰311
                 @洛杉矶锦城里de小里子 @VLOG薯 @小红书成长助手 @小红书创作学院 @小红书REDesign @小红书成长笔记 @小红书视频号 ",1690588512000,1690588512000,5aa5824a4eacab0c2e384aa1,Linda🦐,https://sns-avatar-qc.xhscdn.com/avatar/5fd397ff86dda400017003bc.jpg,53,36,11,10,,"https://sns-img-hw.xhscdn.net/d4f384ca-4cf7-6b14-e3ee-d460309520b1,https://sns-img-hw.xhscdn.net/cb795880-85dd-a8b3-4be2-d95bc9c949be",1696390971619
64d30bc8000000000800c4b6,normal,洛杉矶LA｜吃饭特种兵中餐合集，多图预警🤩,"P1-5 Auntie Qiu Kitchen
我们点的有点多，整体来说挺推荐的，可以吃到很多在美国餐厅不多见的上海点心。推荐咸豆腐脑，桂花条糕，排骨年糕和响油鳝糊，虽然响油鳝糊也不是很正宗但感觉味道比西雅图的shanghai house好吃
推荐指数：🌟🌟🌟🌟
	
P6-8 Nanjing Salted Duck
太久没吃了真的很馋鸭血粉丝汤！所以虽然这家店很远我们还是硬挤出时间去吃了。点了皮肚面，鸭血粉丝汤，和半只盐水鸭。我不是南京人不知道正不正宗，但皮肚面和鸭血粉丝汤味道都还不错，就是鸭血切的太小块了吃的有点不过瘾。盐水鸭我之前好像没吃过，感觉不如烧鸭烤鸭好吃，有点太咸了😂
推荐指数：🌟🌟🌟
	
P9隆兴记
之前小红书做功课看到大家说只有小笼包好吃，吃米一的那天晚上胃里还有空位就点了个外卖😂点的是猪肉蟹肉混合的小笼包，比鼎泰丰便宜还比它好吃
推荐指数：🌟🌟🌟
	
P10-11 chao Wei ju
也是第一次吃牛肉粿条，有点像清淡版的越南粉，蛮好吃的。这家量挺大挺实惠的，每个卡座还有小茶壶感觉很精致。我们还点了手抓沙茶骨，男票说像沙县小吃😂就可点可不点
推荐指数：🌟🌟🌟🌟
	
P12-13 MIAN 滋味小面
本来不在计划内的一家，刷到是米其林推荐就来吃了，因为之前吃的米其林推荐都蛮好吃😂我们点了一碗成都杂酱面一碗生椒牛肉面，面本身都是同一种，粗细软硬程度都刚好是我喜欢的。这两碗面调味也很不错，尤其是是生椒牛肉面花椒的味道很香
推荐指数：🌟🌟🌟🌟
    ",1691552712000,1691552859000,5f464dc70000000001002755,LorBravo,https://sns-avatar-qc.xhscdn.com/avatar/63524f731d29f550a4e47d16.jpg,57,78,17,8,,"https://sns-img-qc.xhscdn.com/18c78c10-8ca2-c96b-4561-d87a7e5588e8,https://sns-img-qc.xhscdn.com/ec200f26-ce6a-fac9-f658-357436c8aee2,https://sns-img-qc.xhscdn.com/35972627-d524-270e-e60e-e97c789635f1,https://sns-img-qc.xhscdn.com/93deebbb-af74-3e03-4547-2c6088d97173,https://sns-img-qc.xhscdn.com/a2bcb341-a327-6bfd-375f-769a6afd77b3,https://sns-img-qc.xhscdn.com/9b5e8b04-1c01-0f72-92be-19fbcaf3aa49,https://sns-img-qc.xhscdn.com/33b97549-cd42-1519-8ade-c11561d25ee8,https://sns-img-qc.xhscdn.com/bb23474f-6d82-86c6-7bc3-a43600ce4fe6,https://sns-img-qc.xhscdn.com/f66c0ff3-630a-c393-882d-b6881019cb55,https://sns-img-qc.xhscdn.com/8179863a-bfec-92fd-ade0-5caf86b1c00f,https://sns-img-qc.xhscdn.com/1214e3d7-d954-ee77-6cf5-2d9839932407,https://sns-img-qc.xhscdn.com/6c7dc750-1202-f0f0-8694-141e9c648a50,https://sns-img-qc.xhscdn.com/0b820a4d-b0f4-f3b4-6fc7-ec76c794fabb",1696390971643
63c59dbb0000000018011a08,normal,LA的湖南菜我只吃这一家丨一次能干三碗饭,"这是一家每月都会光顾几次的餐馆，基本上饭堂级别的餐馆，不要看名字略接地气，店又不起眼，但是试过后绝对会回头，自从几年前湖南朋友推荐给我后，超爱吃辣又略微重口味的我简直不要太爱。[萌萌哒R]基本上每道菜都是干饭神器！
‼️每道菜都是偏咸香辣一点的，所以介意咸的朋友请避开喔～虽然家属中也有不太能吃辣的和咸的，但还是能点到他喜欢的菜。
	
🥢青椒皮蛋擂茄子
这是我每次去的必点菜，也是每桌必点的，茄子和辣椒被油脂裹满，几年前之前没吃过湖南菜的我一口就被这道菜征服，没想到这样的搭配居然能有这么奇妙的味道，赞赞赞！辣椒是没有去籽的，所以还是有点辣的，但是敲好吃[赞R] 必须五星推荐！
	
🥢酸辣鸡胗
第二个必点菜，就是下饭，就是味道好，其他的不需要太多描述了，不吃内脏的🍠们可以避开。
	
🥢湖南风味白辣椒炒腊牛肉
这个是湖南特色，对于没有吃过白辣椒和腊牛肉的我来说，真的超新奇，味道也是不错的，但是口味略重。
	
🥢铁板鱿鱼须
超能吃辣的湖南朋友点的这道菜，太辣我不敢恭维，吃了几条就辣得不行。
	
🥢湖南口味蛤蜊
最近一次去才点的，出乎意料好吃，新鲜的蛤蜊用辣椒和姜蒜炒，调出来的味道很好，一口一个停不下来。
	
🥢红辣椒招牌小炒
	
这个虽然下酒，但是韭菜花这季节有点老了。
	
🥢野山椒牛肉丝
这个也很辣，但是味道不错。
	
🥢萝卜干炒腊肉
这道是不吃辣家属的菜，萝卜干很好吃，很难在这边能吃到萝卜干，脆脆的搭配腊肉绝了，干饭干饭！[吧唧R]
	
🥢招牌口味鱼片
	
点给不吃辣的和小朋友的，鱼挺新鲜的，酱油味很香。
	
🥢湖南梅菜蒸扣肉
这个梅菜扣肉每次上菜都特别久，但是一点都不妨碍我们每次点，吃多了广东的梅菜扣肉，竟然觉得这个更好吃。
	
🥢丝瓜焖荷包蛋
这就是个家常菜，本人很喜欢这个清清爽爽的搭配的，所以每次都还是会点。
	
很多菜都没有图片，因为太经常去，所以都不怎么拍照，🍠们见谅！
老板娘和服务员阿姨人都很热情，所以每次去都蛮亲切的[偷笑R]
唯一不足就是，有一两次米饭夹生，这么适合干饭的地方就因为这个有点拉垮，拜托让老板娘看到改进一下，不要让我们🍠们有不好的体验喔！
	
📍 Red Chili Hunan Restaurant
18977 Colima Rd, Rowland Heights, CA 91748
	
 ",1673895355000,1673895356000,5a3d19994eacab7baa7bbbbd,LA热心市民,https://sns-avatar-qc.xhscdn.com/avatar/1040g2jo30phnvh4cmg004a0e36cpjett6e4gcig,209,231,37,141,,"https://sns-img-bd.xhscdn.com/cfe2ad17-4a9e-0ae9-123d-578dc11e73e5,https://sns-img-bd.xhscdn.com/4157131b-a2a6-ee32-0776-b0e5f522acaa,https://sns-img-bd.xhscdn.com/f80fc77d-66f2-2efa-1690-6b2c7f465265",1696390971663
63944b67000000001f00be6e,normal,洛杉矶｜牛骨汤麻辣烫🔥$9.99一荤两素便当🍱,"晚上正好在华人区附近，和朋友想找家简餐吃一顿，正好看到这家店，没想到这边除了麻辣烫还有米线和便当。味道都很绝🔥🔥而且价格也超级划算，一定还会再回访～
	
牛骨汤麻辣烫的食材是自选，都很新鲜，按照$12.98/lb的价格收费，种类超级多，火腿肠、鸭血、亲亲肠、肥牛我都超级爱！之前去过一家麻辣烫店鸭血一盒就要$10，这边是按照重量收费感觉也好很多😎我点的是微辣，边吃麻辣烫边喝汤～真正可以喝的麻辣烫🥰
	
另外这边每天都有几种便当可以选择，不过是数量有限哦。我买的是【手枪鸡腿饭】，真的运气好好抢到了最后一份！后面来买的就只剩下红烧肉便当了。🍱里面有一个超级大的鸡腿🍗，还有两个素菜：番茄炒蛋和炒包菜，都是我喜欢吃的！素菜每天都会不一样🤩还有半个卤蛋，个人感觉炒鸡划算和美味啦😋😋价格💰也只要$9.99一份，适合打工人和学生党！一人食的不二之选。
	
饮品我选择了星空养乐多，好好喝。朋友还开玩笑说感觉是个被麻辣烫耽误的奶茶店哈哈哈哈哈😄
	
海洋小栈
📍 230 N Garfield Ave d12, Monterey Park, CA 91754
          ",1670663016000,1670663016000,571a2d844775a76bb34de0d0,757小朋友,https://sns-avatar-qc.xhscdn.com/avatar/63d9ae92955ccf02b20c49bf.jpg,149,175,19,43,,"https://sns-img-bd.xhscdn.com/d112dd49-bf2e-3450-b3a1-407f1533c398,https://sns-img-bd.xhscdn.com/de9d6923-c219-4169-db38-e208c37cc3db,https://sns-img-bd.xhscdn.com/16016fe4-1647-f0d4-0a59-b38ea30c7b05,https://sns-img-bd.xhscdn.com/b5301070-1326-94d4-cfcc-6e03d83d23e6,https://sns-img-bd.xhscdn.com/4a35ba86-1f94-8984-5445-bb4678cd3cdf,https://sns-img-bd.xhscdn.com/5007ba08-2145-a296-4eaf-07e2c59ae5bd,https://sns-img-bd.xhscdn.com/75dfc7be-a6de-012a-1abd-f6e1ae0bfffe",1696390971682
649a70d2000000001303cd27,normal,终于～攒出一套LA美食清单,"▫️一直没get LA美食天堂，终于！这次餐餐都很满意，中国胃吃的很舒服～分享这份清单：
	
1⃣️北京缘
📍Beijing Tasty House
北方常见炒菜都有，也是开了多年老店。这次点的炖鱼泡饼很香；新疆拉条子分量足，酸甜口很开胃。肉夹馍、蒜蓉油麦菜都非常成功👍还有烤鸭、烤鱼这种大菜，是我们在LA每次必吃榜[赞R]
.
2⃣️隆兴记
📍Long Xing Ji Juicy Dumpling
这次最大的惊喜～来之前就非常期待！是没有失望的，甚至被伙伴标记LA 🔝必吃[偷笑R]万众期待的蟹粉大汤包，汤汁足用吸管从头喝到尾。无锡风味，喜欢江浙菜的一定要去～同时这个plaza和对面还有很多中餐[哇R]
.
3⃣️裘阿姨
📍Auntie Qiu Kitchen
本来是随便吃吃，没想到非常满意！上海菜，喜欢的雪菜肉丝面、梅干菜红烧肉、小馄炖、蛋饼、肉粽全部都有！感觉冲着喜好随意点就能吃个肚圆[赞R]
而且服务阿姨很热情是特别愉悦的一餐～
.
4⃣️1919兰州牛肉面
📍1919 Noodle Express
无意间去黄金阁发现的，虽然比较简单以面、盖饭为主，点的兰州牛肉面、排骨饭、凉拌黄瓜都超级好吃！！尤其黄瓜那个味道真是小菜之光，现在还有点馋。辣椒酱也是店家自己做的，偏中式快餐但吃得很舒服，如果在附近是个不错选择！
.
5⃣️早点：金海餐厅
📍FORTUNE NO 1
作为有吃早餐习惯的北方胃，能找到这家很满足。天津风味～标准北方发面大包子，一份8个，素茴香馅🉑️。还能吃到豆腐脑、煎饼、油饼油条。有一日打包了红豆/绿豆饼作为去迪士尼的补给，也格外好吃！足足的家乡早点铺子味儿，感叹不愧是LA中国城，啥都能吃到[赞R]
.
6⃣️Chef Tony
粤菜是必不可少的，刚好Monterey Park Courtyard新开这家，地图上还没有。环境好，刚开业一个月，餐食也蛮新鲜，炒芥兰格外脆爽。点的虾饺、凤爪、流黄包、南瓜汤都没有雷。
.
7⃣️黄金阁海鲜酒楼
📍Atlantic Seafood and Dim Sum
就在酒店马路对面步行即可。传统粤式，主要因为有早茶，还是阿姨们推车点菜[偷笑R]填饱肚子没问题👌
	
😋北方胃基本上在这几家找到了所有喜欢的，如果喜好一致这份清单一定会帮到你[派对R]
    ",1687843026000,1687843026000,57af6a145e87e77f76c8c515,AnAn,https://sns-avatar-qc.xhscdn.com/avatar/57af6a145e87e77f76c8c515.jpg,141,195,1,42,,"https://sns-img-bd.xhscdn.com/d69c6a57-7049-ab39-a290-41684ed347a3,https://sns-img-bd.xhscdn.com/27edcbf2-cac2-5be7-18d0-487aaa092385,https://sns-img-bd.xhscdn.com/679e37f4-b59a-d2ec-bd4a-5882083ddb3e,https://sns-img-bd.xhscdn.com/d2d485b3-795f-5db4-9f2a-c7c31b4851f9,https://sns-img-bd.xhscdn.com/1351f4cc-ab07-1b1d-ab9d-ea0e35dd4aa7,https://sns-img-bd.xhscdn.com/8ef39395-826b-cc55-2d95-7a9cecdd5007",1696390971700
6507a498000000001302bf73,normal,洛杉矶｜吃了两年总结出的9家华人区美食（上）,"📍洛杉矶San Gabriel周边 & Rowland
美食攻略看这一篇就够‼️
个人口味供参考 欢迎补充
字数有限 先放9家啦
	
🍢拾酒nine dining
前段时间新开的夜宵烧烤店，在alhambra。咸蛋黄鸡翅巨巨巨好吃！还有🎃，生腌好吃新鲜，烤串中规中矩，缺点是烤串种类较少，菜品量不是很多。不过氛围很好，适合朋友聚会🍻
🍢从前的小酒馆little skewer
开了很多年的烧烤夜宵店，在monterey park和rowland都有店。锡纸鸭血、芝士玉米、麻辣烫都很好吃！烤串我个人感觉一般，可能因为肉比较小。这边的酒很特色，氛围不错，还有驻唱🎤不过环境略吵，有时需要等位🔥
🍢老街漫烤qin's garden
这家店面挺小的，我感觉很多人都不知道啊！但是我真的好爱！在sg，米线好吃配料很足，尤其是里面的汤！烧烤里面我❤️生蚝🦪巨巨巨大一只！大盘鸡味道也🉑️
	
🦞月老儿炸串& 小红袍spicy tails
位于rosemead，炸串和麻辣烫味道都不错，随便点没有踩雷的！隔壁新开海鲜店小红袍和这家一起的，新鲜小龙虾和牛蛙味道都不错！
🥩阿凡提Dolan's
新疆菜，在alhambra和rl都有分店，室外用餐可以带🐶他们家的大盘鸡、茶、烤包子、烤羊腿都很好吃！！😋量大性价比高
🐟老刘家烤鱼
老牌中餐了！开了很多年！在sg、rl和mp都有分店，烤鱼很大一条，肉质很嫩，烧烤味道中规中矩
	
🌶️洞庭鲜
在san gabriel，我上次去等了很久，给我感觉就是一个字：辣🥵还好我在隔壁买了一大杯甘蔗汁解辣，不过牛蛙和紫苏鱼很好吃！！我一边被辣到一边继续吃！紫苏鱼汤也好喝就是略有些咸，可能因为我口味偏淡
🌶️蓉合川菜
这家的冒烤鸭我真的吹爆！！！在alhambra，冒烤鸭配菜巨巨多，还有毛肚鸭血午餐肉等等。牛蛙也很好吃，量大性价比高🌟
🌶️二娃冷锅鱼
sg前段时间新开的，冷锅鱼好好吃！肉很嫩，略有些小刺可以接受。牛蛙和冒烤鸭绝了😍缺点是价格略高，不过人多的话a一下还行
	
           @小红书成长笔记 @吃货薯",1694999704000,1694999807000,571a2d844775a76bb34de0d0,757小朋友,https://sns-avatar-qc.xhscdn.com/avatar/63d9ae92955ccf02b20c49bf.jpg,307,426,20,199,,"https://sns-img-hw.xhscdn.net/6258e04e-42cd-3d0b-4034-3edc1c916cec,https://sns-img-hw.xhscdn.net/a22e6f18-706f-db4f-46f8-d8dfc06bd51e,https://sns-img-hw.xhscdn.net/6b35f59f-a798-5fa9-c446-275d0605f12a,https://sns-img-hw.xhscdn.net/9de643d8-9621-aabf-5097-5358a189af88,https://sns-img-hw.xhscdn.net/32582a48-b6e7-77ff-66ea-578b19aa77dd,https://sns-img-hw.xhscdn.net/c58aae76-7058-41e4-fc08-6848f5a814b0,https://sns-img-hw.xhscdn.net/f3fbf68c-1979-25c0-d0b1-b420c240b7e9,https://sns-img-hw.xhscdn.net/ab650def-2368-ae1d-e5cf-d3c499d7afee,https://sns-img-hw.xhscdn.net/f56351ef-f763-7df7-c78b-7037f80b896f,https://sns-img-hw.xhscdn.net/69a31660-b2c7-ae21-8868-4ece88964c5d,https://sns-img-hw.xhscdn.net/9864af40-3c22-68ca-3e82-3bd3441ebcc5",1702880420942,https://www.xiaohongshu.com/explore/6507a498000000001302bf73
63a3a09700000000180127f1,normal,LA洛杉矶五天打卡餐厅合集，无踩雷,"圣诞节前到LA逛吃了五天六晚，从美食荒漠西雅图来到美食圣地洛杉矶，每天都要感慨N遍好吃的太多了！！！下面的餐厅全部在San Gabriel，亲自打卡，无一踩雷！！！
	
🌟🌟🌟🌟🌟辣椒王(图2)
必去！心中Top1中餐！人巨多！辣椒王田鸡必点！味道层次丰富，辣的真爽。小炒黄牛肉和擂辣椒茄子皮蛋也不错。有机会我还会再来的！
	
🌟🌟🌟🌟🌟Sun Nong Dan(图3)
必去！心中Top1韩餐！有好几家分店，必点炖牛肉排骨加牛尾，一定要加芝士！！肉炖得很入味，芝士和牛肉一起咬下去的感觉不要太满足，土豆和年糕也贼拉好吃。
	
🌟🌟🌟🌟✨隆兴记(图4)
大爱鲜肉小笼！甜口的！比鼎泰丰好吃太多了。蟹粉小笼有城隍庙那味了，无锡小排也是甜口的，南方人会很喜欢。
	
🌟🌟🌟🌟金海餐厅(图5)
天津人跟我强推的天津早餐店，天津包子特别好吃，吃到了正宗的煎饼果子，糖果子也不错，就是南方人有点吃不惯锅巴菜。
	
🌟🌟🌟🌟滋味小面(图6)
成都杂酱面味道是真不错，肉臊给的足，辣味也香，有成都那味了，是我在🇺🇸吃到的最好吃的杂酱面了，下次我要试试它家重庆小面。
	
🌟🌟🌟✨原汁原味Alice’s Kitchen (图7)
港式茶餐厅，菜比服务要好，肉碎煎蛋饭不错就是有点咸了，菠萝油是菠萝包夹黄油，甜咸交加还不错，漏奶华也挺好吃的就是太甜了。
	
🌟🌟🌟✨活粥王(图8)
海鲜粥很鲜，里面可以加各种海鲜，味道是可以的，少了点上面几家餐厅给我的惊艳感。泡椒凤爪和锅贴味道都可以。
	
甜品合集
🌟🌟🌟🌟🌟MeloMelo
必去！椰子冻不甜口感爽滑，加上芋泥或者红豆，一口下去要飞升了。口味有很多选择(赶快开店到西雅图来好嘛)
	
🌟🌟🌟🌟🌟吃茶三千
强推国王珍珠奶茶，茶味比较重，我很喜欢。慢熟芋见国王、松针绿茶加厚奶、水仙桂花加厚奶我都喝了一遍，都非常不错！！！
	
🌟🌟🌟🌟凤城甜品
他家的椰丝芒果卷和榴莲卷很好吃，芒果就是有一点点酸，整体味道不错的，其他的糯米滋一般。
	
🌟🌟🌟🌟Millet Crepe
点这个Crème brulee crepe，里面选自己喜欢酱和口味，最上面是脆脆的焦糖，里面是可丽饼裹着自己选的酱，挺好吃的。就这家吃的不在San Gabriel，其它列出来的全部在东边中国城。
	
   ",1671667863000,1672969399000,596b6eae82ec39462c60782b,珍珠翡翠白玉汤,https://sns-avatar-qc.xhscdn.com/avatar/62c5597261b5d8d0ba8f75dd.jpg,1323,2316,61,937,,"https://sns-img-hw.xhscdn.net/1000g0081p5ua60eei00049m79anasu1b6sb87b8,https://sns-img-hw.xhscdn.net/1000g0081p5ua60eei00g49m79anasu1b03i9n4g,https://sns-img-hw.xhscdn.net/1000g0081p5ua60eei01049m79anasu1bkktg8f0,https://sns-img-hw.xhscdn.net/1000g0081p5ua60eei01g49m79anasu1bl7mfhpg,https://sns-img-hw.xhscdn.net/1000g0081p5ua60eei02049m79anasu1bb9mni2o,https://sns-img-hw.xhscdn.net/1000g0081p5ua60eei02g49m79anasu1boqfv1e8,https://sns-img-hw.xhscdn.net/1000g0081p5ua60eei03049m79anasu1b1bf41dg,https://sns-img-hw.xhscdn.net/1000g0081p5ua60eei03g49m79anasu1bb86torg,https://sns-img-hw.xhscdn.net/1000g0081p5ua60eei04049m79anasu1b3igq5p0",1702880421001,https://www.xiaohongshu.com/explore/63a3a09700000000180127f1
6531da3d000000002303933e,normal,洛杉矶吃什么【美食大总结】,"在洛杉矶吃了快两年，虽然住在Ventura，坚持每周末和男票开车去吃吃吃[笑哭R]
大部分吃的是中餐，也尝试了一些日韩料和西餐，列出了一些吃过的有记忆的餐厅（不好吃或者一般的可能被我忘了）
口味评价全凭个人喜好，有不同意见非常正常，仅供参考[抱拳R]
欢迎补充～一起吃吃吃～[色色R]
  ",1697765949000,1697766023000,55d59f6767bc65080888f867,阿草,https://sns-avatar-qc.xhscdn.com/avatar/1040g2jo30qh4c6e70800414adkfmfu371h5ei00,347,462,47,86,,"https://sns-img-bd.xhscdn.com/5706bf52-65af-83ec-292a-310219237aa5,https://sns-img-bd.xhscdn.com/cf2e61ab-67e3-e821-3df8-33dde4c92bb8,https://sns-img-bd.xhscdn.com/3dc85e21-b42d-90f7-fa7f-74d8f2b5895c,https://sns-img-bd.xhscdn.com/7e222383-1968-fdc2-501c-5ed409e22d78",1702880421036,https://www.xiaohongshu.com/explore/6531da3d000000002303933e
64c943ca00000000170187a9,normal,洛杉矶｜氛围中餐川山甲🪭真实测评✅,"前两天终于去打卡了川山甲🏮大家对这家的评价两极分化蛮严重，我也观望了很久，今天来做个真实测评📝
-
▫️舌尖上的蛙跳
里面蛙和魔芋的料挺足的，不过我觉得口味方面收敛了一点，可以再大胆一点🤔
	
▫️鲜椒花甲肥肠
香辣口味的，花甲处理的很干净一点沙都没有，肥肠吃起来也软糯。
	
▫️青一色毛血旺
麻辣鲜香！这道必须要夸，实在是让我一个四川人血脉觉醒了！
这边吃到的毛血旺大都是用午餐肉，这道里面居然是有用鳝鱼的‼️‼️‼️细节很戳我！
味型是青花椒味很重的麻麻辣辣，吃起来很敞亮，也不像普通红油毛血旺那么腻。
	
▫️夫妻肺片
调味很地道，辣子鸡会偏麻辣的口味，不能吃辣的尽量提前和店家说。
	
▫️跷脚牛三宝
很多人以为川菜只有辣的，其实不然，跷脚牛肉就是清淡不辣但好吃入味的乐山名菜，他们家里面牛肠会多一些但没什么脏器味道，喝一碗很舒服。
	
🍨甜品
西米露是做成了布丁状很有创意，不过个人更喜欢冰粉一点。
-
环境没得说，小桥流水古亭，正门口的锦鲤池，店中央的银杏树🍂古色古香的中式氛围相当惬意🪭可以说是我在LA去过环境蕞好的川菜馆了。
	
菜里面蕞喜欢的是青一色毛血旺和跷脚牛三宝，是会再去点的👍
-
【Mountain House】
📍18888 Labin Ct C101, Rowland Heights, CA 91748
        ",1690911690000,1690911690000,574289cb6a6a69518105425b,火奴NUNU,https://sns-avatar-qc.xhscdn.com/avatar/647aecdc0a89c912a42357e7.jpg,167,120,36,179,,"https://sns-img-bd.xhscdn.com/93769dd4-49d2-0201-e219-df9e066c286c,https://sns-img-bd.xhscdn.com/febd7582-a606-e3bd-2487-bba4b9be90d5,https://sns-img-bd.xhscdn.com/c43aca4e-c4b9-2cf7-d0f2-f1279440f4e1,https://sns-img-bd.xhscdn.com/831168cc-0e92-c74e-7346-660943ae9203,https://sns-img-bd.xhscdn.com/950cef52-329c-a2ef-f9b6-70b0fa46893c,https://sns-img-bd.xhscdn.com/cbbb3777-ac13-5bbb-53a8-37885caea216",1702880421063,https://www.xiaohongshu.com/explore/64c943ca00000000170187a9
63c59dbb0000000018011a08,normal,LA的湖南菜我只吃这一家丨一次能干三碗饭,"这是一家每月都会光顾几次的餐馆，基本上饭堂级别的餐馆，不要看名字略接地气，店又不起眼，但是试过后绝对会回头，自从几年前湖南朋友推荐给我后，超爱吃辣又略微重口味的我简直不要太爱。[萌萌哒R]基本上每道菜都是干饭神器！
‼️每道菜都是偏咸香辣一点的，所以介意咸的朋友请避开喔～虽然家属中也有不太能吃辣的和咸的，但还是能点到他喜欢的菜。
	
🥢青椒皮蛋擂茄子
这是我每次去的必点菜，也是每桌必点的，茄子和辣椒被油脂裹满，几年前之前没吃过湖南菜的我一口就被这道菜征服，没想到这样的搭配居然能有这么奇妙的味道，赞赞赞！辣椒是没有去籽的，所以还是有点辣的，但是敲好吃[赞R] 必须五星推荐！
	
🥢酸辣鸡胗
第二个必点菜，就是下饭，就是味道好，其他的不需要太多描述了，不吃内脏的🍠们可以避开。
	
🥢湖南风味白辣椒炒腊牛肉
这个是湖南特色，对于没有吃过白辣椒和腊牛肉的我来说，真的超新奇，味道也是不错的，但是口味略重。
	
🥢铁板鱿鱼须
超能吃辣的湖南朋友点的这道菜，太辣我不敢恭维，吃了几条就辣得不行。
	
🥢湖南口味蛤蜊
最近一次去才点的，出乎意料好吃，新鲜的蛤蜊用辣椒和姜蒜炒，调出来的味道很好，一口一个停不下来。
	
🥢红辣椒招牌小炒
	
这个虽然下酒，但是韭菜花这季节有点老了。
	
🥢野山椒牛肉丝
这个也很辣，但是味道不错。
	
🥢萝卜干炒腊肉
这道是不吃辣家属的菜，萝卜干很好吃，很难在这边能吃到萝卜干，脆脆的搭配腊肉绝了，干饭干饭！[吧唧R]
	
🥢招牌口味鱼片
	
点给不吃辣的和小朋友的，鱼挺新鲜的，酱油味很香。
	
🥢湖南梅菜蒸扣肉
这个梅菜扣肉每次上菜都特别久，但是一点都不妨碍我们每次点，吃多了广东的梅菜扣肉，竟然觉得这个更好吃。
	
🥢丝瓜焖荷包蛋
这就是个家常菜，本人很喜欢这个清清爽爽的搭配的，所以每次都还是会点。
	
很多菜都没有图片，因为太经常去，所以都不怎么拍照，🍠们见谅！
老板娘和服务员阿姨人都很热情，所以每次去都蛮亲切的[偷笑R]
唯一不足就是，有一两次米饭夹生，这么适合干饭的地方就因为这个有点拉垮，拜托让老板娘看到改进一下，不要让我们🍠们有不好的体验喔！
	
📍 Red Chili Hunan Restaurant
18977 Colima Rd, Rowland Heights, CA 91748
	
 ",1673895355000,1673895356000,5a3d19994eacab7baa7bbbbd,LA热心市民,https://sns-avatar-qc.xhscdn.com/avatar/1040g2jo30ql4oue8gi004a0e36cpjett9j6gp58,261,281,38,183,,"https://sns-img-hw.xhscdn.net/cfe2ad17-4a9e-0ae9-123d-578dc11e73e5,https://sns-img-hw.xhscdn.net/4157131b-a2a6-ee32-0776-b0e5f522acaa,https://sns-img-hw.xhscdn.net/f80fc77d-66f2-2efa-1690-6b2c7f465265",1702880421094,https://www.xiaohongshu.com/explore/63c59dbb0000000018011a08
64b0c2a8000000002b038289,normal,LA🇺🇸洛杉矶🥢三刷二十家各种菜系餐厅合集,"📍坐标：🇺🇸洛杉矶
整理一些我三刷过觉得最好吃的餐厅
中日韩西东南亚，各种类型都有
大家吃过好吃的餐厅也可以推荐给我
最好是三刷过还经常去吃的
只要是你觉得好的都可以👍🏻
-
有需要避雷的，也可以分享！
-
此条不删，欢迎大家留言分享👏🏻
          ",1689305768000,1689305769000,63fd22a20000000029012a1f,Yilia在LA吃吃玩玩,https://sns-avatar-qc.xhscdn.com/avatar/1000g2jo2ki81lskjc0005ovt4ahaaagvchhc5m0,895,1262,89,246,,https://sns-img-qc.xhscdn.com/736875fa-c567-0fb5-02ec-acb2971417d8,1702880421123,https://www.xiaohongshu.com/explore/64b0c2a8000000002b038289
647ccdaa000000001300422d,normal,在LA吃到了最好吃的兰州牛肉面😭梦回兰州了,"从来没有吃过这么好吃的兰州牛肉面，比在国内吃过的兰州拉面都更香更让人上头[抓狂R]这家店有两个分店都超级好吃，图1-4是west covina分店，图5-9是arcadia分店
	
Lan Noodle兰州牛肉拉面
📍411 E Huntington Dr Suite 102, Arcadia, CA 91006
	
LAN NOODLE West Covina
📍 1428 S Azusa Ave Suite B, West Covina, CA 91791
	
牛肉面用的是牛肉汤，汤底醇厚，色淡如茶，配着白萝卜清爽解腻。汤面上覆盖一层青葱，葱香扑鼻。面可选多种粗细，个人偏爱三细，筋道有嚼劲。每吸溜一口面都夹带着一些葱段，那叫一个唇齿留香🍜辣油红亮，香味扑鼻但辣味柔和，应该是自家熬制的，是整碗面的点睛之笔！相对于国内的兰州拉面，里面配了大量的牛腱肉。牛肉浸泡在汤里，吸满了牛肉汤的汤汁，肉香浓郁富有嚼劲。
	
west covina的腊汁肉夹馍，一秒让我梦回西安😭馍烤的酥酥的，一口下去肉质软糯，糜而不烂，肥肉吃不腻口，瘦肉无渣满含油。可以对比图4和图8，arcadia的肉夹馍差了许多[抓狂R]
	
点餐tips：
1⃣️建议早上去，头汤更鲜。
2⃣️面的细度个人更推荐三细，二细的面稍粗，细面感觉缺少嚼劲。
3⃣️可以点套餐，有肉蛋双飞+饮料，肉蛋双飞+菜+饮料两种选择。凉菜看个人口味，饮料配的是可乐雪碧。如果喜欢水果醪糟的朋友可以把饮料加钱换成醪糟。
4⃣️爱肉的朋友可以再点一盘冷切牛腱，超级推荐！
5⃣️不确定吃辣能力的朋友可以先点微辣，红油还可以另外加。
	
      ",1685900714000,1685997788000,588f5e1f50c4b42502025ca2,西里不糊涂,https://sns-avatar-qc.xhscdn.com/avatar/1040g2jo30p93f83hk20g49361gf1un52nt62e40,82,105,51,65,,"https://sns-img-hw.xhscdn.net/58eeea1f-9b15-b6a2-2492-a8b9c5d09351,https://sns-img-hw.xhscdn.net/7927754f-8eb7-e5bf-e70d-c56b0918b267,https://sns-img-hw.xhscdn.net/97182975-2be3-5092-bc75-f60a09ff3ee3,https://sns-img-hw.xhscdn.net/55454171-5000-7415-436d-07d1b128fc78,https://sns-img-hw.xhscdn.net/ebfe365c-3c06-6aca-5c2f-58496bc3e408,https://sns-img-hw.xhscdn.net/acb84c56-587f-c851-453d-ff2f8d7f8ede,https://sns-img-hw.xhscdn.net/28aeffde-d4f4-f0fc-fc60-9868ba849fb3,https://sns-img-hw.xhscdn.net/358b7929-498a-b134-5c1f-0a64292887c7,https://sns-img-hw.xhscdn.net/50c3e1a1-98d5-ea77-192f-fc1ae4dc3a2f",1702880421151,https://www.xiaohongshu.com/explore/647ccdaa000000001300422d
63b7b850000000001b016148,normal,7天吃3回正宗东北菜哪家强｜洛杉矶美食,"关于洛杉矶最好吃的东北菜我和我的东北男友各执一词，但必须在那家老菜馆和山里屯之间。东北菜份量大口味重性价比高。
	
🦢山里屯（图2-图5）
冬天就是要吃热热的的铁锅炖。刚开业的时候排长队来吃过，当时觉得是好吃的但没有觉得最近这么好吃，听说中间有段时间不咋地。点的几道菜无踩雷。
铁锅炖大鹅 4.8🌟我们点的中辣，肉有一点柴但是非常入味，没有鹅肉的涩味。2个锅底同时开锅大家的筷子做了自主选择。
铁锅炖酸菜白肉 4.7🌟大家都能接受的一个锅底，白肉建议炖时间久一些，有肉腥味，酸菜好吃，锅底另加配菜是可以喝汤的一个锅底。
铁锅炖鱼味道怪怪的之后没点过了。
三里屯的东北炒菜们是很好吃的！宝藏推荐！不吃铁锅炖也值得去吃的。三里屯的接待能力不错，遇到节假日或周末团体聚会需要提前订位。冬日氛围感聚会选择。
	
🏨山里屯Happy Valley Village
💰人均$30-$50
📍 1655 S Azusa Ave E, Hacienda Heights, CA 91745
⌚️营业时间：11:30am-15:00pm，17:00pm-22:00pm
	
[色色R]那家老菜馆（图6-图9）
一家庭式经营饭店。发挥比较稳定，锅包肉真的是全洛杉矶最好吃的，没有之一，不会太甜不会太酸，酥酥脆脆。
酸菜炖白肉 5🌟锅包肉5🌟拌鸡架4.7🌟溜肉段5🌟经典东北菜闭眼点（别点奇怪川菜…）
有手工速冻水饺可以买，在冰箱看见了韭菜盒子但是不卖给我[哭惹R]海鸥超市卤味也是来自那家老菜馆。
	
🏨那家老菜馆Najia Cafe（不是那家小馆不是那家川菜）💰人均$20-$30
⌚️营业时间：11:00am-21:00pm
📍 18406B Colima Rd, Rowland Heights, CA 91748
	
读书的时候一直在SG附近吃中餐，最近在罗兰岗打开了中餐的新世界。生活在LA也太幸福了吧。东北菜爱好者请求评论区留言告诉我LA还有哪家东北菜好吃😋
        ",1672984656000,1672984774000,558620a9b7ba22679c36a04a,陈柏霖下一任女朋友不是我,https://sns-avatar-qc.xhscdn.com/avatar/be4e54a984a21be925a215a08fb36c8b.jpg,150,159,20,144,,"https://sns-img-hw.xhscdn.net/1000g0081rkdtpfqf607040rhe8gaj82afkvg0mo,https://sns-img-hw.xhscdn.net/1000g0081rkdtpfqf607g40rhe8gaj82a1d0fv68,https://sns-img-hw.xhscdn.net/1000g0081rkdtpfqf608040rhe8gaj82aj1plp68,https://sns-img-hw.xhscdn.net/1000g0081rkdtpfqf608g40rhe8gaj82ahkut1ro,https://sns-img-hw.xhscdn.net/1000g0081rkdtpfqf609040rhe8gaj82a5e9bcuo,https://sns-img-hw.xhscdn.net/1000g0081rkdtpfqf609g40rhe8gaj82aodt5cl8,https://sns-img-hw.xhscdn.net/1000g0081rkdtpfqf60a040rhe8gaj82a0nkkhmo,https://sns-img-hw.xhscdn.net/1000g0081rkdtpfqf60ag40rhe8gaj82aai8hrno,https://sns-img-hw.xhscdn.net/1000g0081rkdtpfqf60b040rhe8gaj82a8sc3h1o",1702880421180,https://www.xiaohongshu.com/explore/63b7b850000000001b016148
64eabf1d000000001700e4e4,normal,LA | 潮汕牛肉火鍋🥰,"🍓必須要大贊一下這湯底😋超級夠味兒
🍓牛肉片很嫩
🍓這個套餐會跟3盤肉➕一盤蔬菜🥬➕他們自配很好吃的醬料，其他的菜再另外再點
	
唇辣號
 
5701 Rosemead Blvd, Temple City, CA 91780",1693105949000,1693105950000,5de1a4fd000000000100730b,"🍥 ""可樂樂』 🍭 Colala",https://sns-avatar-qc.xhscdn.com/avatar/5de1a4fd000000000100730b.jpg,91,85,14,84,,"https://sns-img-bd.xhscdn.com/bfc77401-befa-7cd3-831e-c3089ddd919e,https://sns-img-bd.xhscdn.com/53058fdc-1f38-c603-65aa-3a43b230ba5f,https://sns-img-bd.xhscdn.com/b3483793-0631-c0ea-6dc1-2430ab366e44,https://sns-img-bd.xhscdn.com/4efafa0d-f0d7-aaf3-5880-56538a31485c,https://sns-img-bd.xhscdn.com/d5230fa9-88b7-995e-14b6-c4d5106e7a64,https://sns-img-bd.xhscdn.com/2bf7b16d-3bbe-c9e6-5a94-2ce623db5d84,https://sns-img-bd.xhscdn.com/e0ea78f1-3a8a-c066-aa5b-565dd6a85c60",1702880421212,https://www.xiaohongshu.com/explore/64eabf1d000000001700e4e4
63b4f163000000001f00eebb,normal,LA吃什么｜San Gabriel周边亚洲美食合集,"祝大家新年快乐呀！好久没更新了，来推荐一波去加州旅游吃到的美食～ 根据推荐指数排名⬇️
	
1⃣️ Mian 🌟🌟🌟🌟🌟
📍 301 W Valley Blvd -115, San Gabriel, CA 91776
推荐爱吃重庆小面的去，选择很多，小菜也好吃，比如小酥肉和海带丝。太久没吃豌杂面了，入嘴的第一口就是熟悉的味道。不确定是否正宗，但是好吃的，适合解馋。
	
2⃣️ 南京盐水鸭 🌟🌟🌟🌟✨
📍 18321 Colima Rd, Rowland Heights, CA 91748
南京人终于吃到了皮肚面和南京烤鸭，味道值得4🌟，老板说南京话。但皮肚面偏咸，烤鸭的肉质偏肥，不是那么正宗。南京的小伙伴还是可以去打卡，有回家的感觉。
	
3⃣️ 隆兴记 🌟🌟🌟🌟
📍 140 W Valley Blvd Ste 211, San Gabriel, CA 91776
据说是LA很有名的小笼包店，蟹黄汤包也很诱人，个头有手掌那么大，蟹黄料足鲜美，汤汁也多。甜口小笼包值得一试，没有想象中甜。还点了无锡酱排骨和油面筋塞肉，不太推荐，前者太甜，后者太咸。
	
4⃣️ Sun Nong Dan 🌟🌟🌟🌟
📍 710 S Western Ave, Los Angeles, CA 90005（多家分店）
推荐24号炖牛肉排骨➕芝士，中份够3人吃，牛肉炖得烂，裹上融化的芝士很过瘾。汤汁咸中带甜，符合我们的口味，年糕、洋葱和胡萝卜也很入味。
	
5⃣️ Boiling Point 🌟🌟🌟🌟
📍250 W Valley Blvd UNIT J, San Gabriel, CA 91776
台式小火锅，随便点没啥踩雷的，喜欢吃臭豆腐可以点招牌臭臭锅。
	
6⃣️ 锦城里 🌟🌟🌟
📍 11057 Santa Monica Blvd, Los Angeles, CA 90025
冲着跷脚牛肉去的，但有点失望，味道一般，汤还不错。芋儿烧鸡正常水平，没留下什么印象。
	
7⃣️ NBC Seafood Restaurant 🌟🌟🌟
📍 404 S Atlantic Blvd, Monterey Park, CA 91754
基本的早茶点心都有，凤爪和排骨不错，其他都是正常水平。
	
💜 关注二三圆与月，下一篇分享LA奶茶店～
	
 ",1672802659000,1672802701000,5bbacaa6db0ca80001dc6f24,二三圆与月,https://sns-avatar-qc.xhscdn.com/avatar/61d058e761e28eacbf4a7e3d.jpg,369,373,15,180,,"https://sns-img-hw.xhscdn.net/1000g0081r9ipcjuf40004bc1if5acrp4tbua23o,https://sns-img-hw.xhscdn.net/1000g0081r9ipcjuf400g4bc1if5acrp4cglt29o,https://sns-img-hw.xhscdn.net/1000g0081r9ipcjuf40104bc1if5acrp4n3mvou8,https://sns-img-hw.xhscdn.net/1000g0081r9ipcjuf401g4bc1if5acrp4s61mudo,https://sns-img-hw.xhscdn.net/1000g0081r9ipcjuf40204bc1if5acrp4jsnio5o,https://sns-img-hw.xhscdn.net/1000g0081r9ipcjuf402g4bc1if5acrp4qvtvm48,https://sns-img-hw.xhscdn.net/1000g0081r9ipcjuf40304bc1if5acrp4mt4defo,https://sns-img-hw.xhscdn.net/1000g0081r9ipcjuf403g4bc1if5acrp437rvg18,https://sns-img-hw.xhscdn.net/1000g0081r9ipcjuf40404bc1if5acrp47mn5tvo",1702880421245,https://www.xiaohongshu.com/explore/63b4f163000000001f00eebb
63aa97da000000001f0210f6,normal,来洛杉矶一定要去的餐厅合集,"1.隆兴记
	
📍 140 W Valley Blvd Ste 211, San Gabriel, CA 91776
隆兴记位于San Gabriel的一个Chinatown内，上午12点到，大概排队40-50分钟，一定要点大号的蟹黄汤包，汤汁浓郁入味，一瞬间回到国内扬州城，还有虾仁馄炖一定要点，汤底不是味精居然是浓郁的大骨浓汤，简直诚意满满，我一共吃了两遍，为了这个味道我产生了想搬来LA的冲动！
	
2.Crab House
	
被誉为LA酱蟹三巨头之一，也是排队1小时才吃到，酱蟹和海胆饭入口的那一瞬间，觉得等多久都值了
	
📍 923 S Vermont Ave, Los Angeles, CA 90006
	
3. Mr Frog
作为重度牛蛙爱好者，生平吃过无数的蛙
深圳的炭舍，佛山的蛙来哒，海岸城的蛙先生，还有东莞的老佛爷，这一家Mr Frog，味道是最接近国内的。一定要点紫苏味道的，可以加魔芋，千页豆腐，别忘了尝尝看烧烤版的蛙，你一定不会后悔。
📍 18347 Colima Rd, Rowland Heights, CA 91748
	
4.Sun Long Dan
	
24小时营业的韩式牛骨炖锅，主打炖牛骨牛尾牛腩牛筋等，一定要点招牌菜牛肉排骨加牛尾，别忘了加芝士，汤汁浓郁，牛肉炖的很烂一点膻味都没有，里面的土豆和年糕超级入味，入口即化，简直不要太香！也是一定会无限回顾的餐厅！
📍 3470 W 6th St , Los Angeles, CA 90020
	
         ",1672124378000,1672124591000,5aff7c7011be103c09316d7c,湾区摸鱼姐,https://sns-avatar-qc.xhscdn.com/avatar/1040g2jo30mqsaqph4i004a5epau70rbs57p4ij8,309,432,13,154,,"https://sns-img-bd.xhscdn.com/6bd195da-e89d-dbd9-bb40-006106173776,https://sns-img-bd.xhscdn.com/e5672744-c790-3b6a-65ad-e50bdc62a939,https://sns-img-bd.xhscdn.com/fe18626a-5ecf-6d06-215b-51a315ff89f4,https://sns-img-bd.xhscdn.com/a24ead5d-1350-f30f-d382-ec1f1aadbbd3",1702880421273,https://www.xiaohongshu.com/explore/63aa97da000000001f0210f6
63a525de000000001902192c,normal,在美国我最喜欢的九家中餐,"本人生于浙江，长居洛杉矶和湾区，狂热美食，不觉得只有熟悉的味道才叫好吃，不认为提升了食材和创意就是骗外国人，来分享味道服务和环境都合我意的中餐[大笑R]
·
🔹图1️⃣CheLi
喜欢红烧肉配绍兴酒的家乡味道，还有环境摆盘嗲气声声透露出的江南意境
📍19 St Marks Pl, NY
·
🔸图2️⃣The Dolar Shop
在品质火锅牛油当道的美国，唯有鲜咸浓汤的海鲜豆捞能抚慰我儿时的中国胃
📍 11020 NE 6th St , Bellevue
·
🔹图3️⃣Dumpling Home
放回国内都可以称得上顶尖的小笼生煎，皮薄爆汁还有高品质食材
📍298 Gough St, SF
·
🔸图4️⃣Mountain House
虽然在美国吃中餐选辣菜就不会太差，但这家的辣味有让人难忘的精细和层次
📍23 St Marks Pl, NY
·
🔹图5️⃣uluh
如果这家店开在湾区，那中式烤鸭我一定带着女儿只光顾这家
📍152A 2nd Ave, NY
·
🔸图6️⃣Mister Jiu's
米其林🌟餐厅，主厨曾学厨上海，用最精致的食材和工艺抓住中餐每道菜的精髓
📍28 Waverly Pl, SF
·
🔹图7️⃣Bistro Na's
前米其林🌟餐厅，不谈京菜做的正宗与否，我爱这用餐氛围和每碟食物的精工细作
📍9055 Las Tunas Dr , Temple City
·
🔸图8️⃣Wing Lei
北美第一家米其林🌟中餐，主厨出生于台山，用极致食材诠释了粤菜该如何烘托原汁原味
📍3131 Las Vegas Blvd S, Las Vegas
·
🔹图9️⃣Hakkasan
在敦伦的首店仍然持有米其林🌟，鱼子酱烤鸭的创始者，分店遍布全世界
📍1 Kearny St, San Francisco（已关闭）
·
除了以上9家，我一直想去却还未成行的中餐有
👉洛杉矶的Kato
👉拉斯维加斯的Mott 32和The X Pot
👉纽约不断兴起的精致中餐
至于温哥华的中餐，几年前去还是以传统的粤式海鲜酒楼为主，所以中餐我最爱纽约的[斜眼R]
·
       ",1671767518000,1671767519000,58ec4d635e87e720b284c6a7,兔子公园,https://sns-avatar-qc.xhscdn.com/avatar/6398b1a3ee0e47d4ba359aa8.jpg,768,1005,50,192,,"https://sns-img-hw.xhscdn.net/77a9c49d-5748-99d8-0734-8633efda7d40,https://sns-img-hw.xhscdn.net/09187c2d-0f04-33cc-20cd-ab10cf42f6c4,https://sns-img-hw.xhscdn.net/c13a3664-20a7-d5dc-511a-c57c01539c36,https://sns-img-hw.xhscdn.net/24875aa0-cfd6-7175-b270-e0140442ee23,https://sns-img-hw.xhscdn.net/37654aee-3761-3d56-fe62-4097f7c09697,https://sns-img-hw.xhscdn.net/2dcec704-d613-1611-5d38-7faff6e5505b,https://sns-img-hw.xhscdn.net/0731d0fa-0625-93f1-cc46-c1de17c00054,https://sns-img-hw.xhscdn.net/bf32dcb6-e79b-fe0a-4362-438ebe898447,https://sns-img-hw.xhscdn.net/d3201151-3b53-2182-c8bb-9ded1f1b2ffb",1702880421301,https://www.xiaohongshu.com/explore/63a525de000000001902192c
647d5264000000002702a367,normal,LA超全美食大合集吐血整理❗️亲测怒推❗️,"总结了LA个人认为各种菜系的top，亲测每一家都可以冲！当然这些里面还有超级推荐滴，不知道去哪儿吃饭的时候就去这几家！
	
🎈crab house
推荐指数：🌟🌟🌟
吃酱蟹必去的一家店！是一位韩国阿姨开的，人非常热情！推荐酱蟹和海胆饭！海胆饭里面配料很足，拌着吃很赞，美中不足的就是啥时候去都要排队[失望R]
	
🎈汤火功夫
推荐指数：🌟🌟🌟🌟
夜宵首选，每次晚上不想吃sundongdan也不想吃bcd的时候就会去，为数不多的关门时间晚又很好吃的店，除了麻辣香锅还有麻辣烫和烧烤，烧烤不太推荐，料撒好多齁咸[捂脸R]麻辣汤和麻辣香锅都特好吃，还不用排队！
	
🎈Odumark 小木屋
推荐指数：🌟🌟🌟
推荐神奇土豆丝、锅包肉和牛小肠，比较开胃的菜系，但是锅包肉吃多了会有点腻，和名字一样，是木屋的装修所以拍照真的很出片[赞R]
	
🎈喜湘御
推荐指数 ：🌟🌟🌟🌟🌟
最推荐的一家湘菜馆，吃了很多次都没腻，牛蛙是必点菜品了，很香很下饭，是吃过的华人菜馆里面最不油也最常驻的了，强推[赞R][赞R]不太推荐土豆牛腩，感觉这道菜有点踩雷，其他都可以闭眼冲！最近还出了长沙臭豆腐，亲测好吃！
	
🎈喝丢一只鞋
推荐指数：🌟🌟🌟🌟
本命烧烤店，聚餐很合适，一群人围着吃烧烤直接梦回国内，味道也超级赞的，个人认为是la最好吃的烧烤没有之一（如果有当我没说[笑哭R]）推荐羊肉串和酸菜粉丝锅，分量也都比较大，不过停车位不太好进，一不小心就会磕到（别问为什么知道，亲身经历😭）srds还是很爱这家[萌萌哒R]
	
🎈Yasiknara
推荐指数：🌟🌟🌟🌟🌟
这家店是爱辣人士的夜宵圣地了，每天都开到两点半，也可以选择辣度，店里四周都有大屏电视播放韩团MV，氛围直接拉满，聚餐约会感觉都很适配！推荐鱼饼汤、辣鸡脚以及各种炸物[赞R]总体来说，味道和氛围都是满分！就是停车场不太好找，是一个很窄的下坡入口
	
🎈Louders
推荐指数：🌟🌟🌟🌟
也是一家神仙好吃又氛围的韩料了，偏贵，很正宗基本上每个菜都不错，强力推荐章鱼拌饭、明太子意面和street corn，还差一颗星是因为排队！就没有不排队的时候，而且也没有等位的地方，但除开这个，这家店很好吃！
	
la还有啥好吃的店也欢迎大家评论补充～
      ",1685934692000,1685934693000,62b003f5000000001b02524a,LA百事屋🏠,https://sns-avatar-qc.xhscdn.com/avatar/62b009ca4a708a279d293038.jpg,1805,2630,130,829,,"https://sns-img-bd.xhscdn.com/d00c7a3f-8b6e-5a53-eb2e-906d79a8b268,https://sns-img-bd.xhscdn.com/b64f7b2f-aca3-e348-959b-c9004d6bf5dd,https://sns-img-bd.xhscdn.com/2da29298-cd19-21e2-9c3c-a8853ff052ce",1702880421331,https://www.xiaohongshu.com/explore/647d5264000000002702a367
63b24827000000001b027b55,normal,LA美食地图 看了无数xhs却没吃明白LA😂,"San Gabriel:
❣️那年遇见 Nice 2 meet you 有烤鱼和烤串 可以试试看12-11pm
❣️爱在马路边: 周一到周四4-11 周五到周日12:30-11:30pm 想吃脑花和冰粉
❣️隆兴记 11:45 - 8:45 pm 晚餐买了隆兴记 谁能想到第一家就踩雷了呢 小笼包和馄饨的皮厚的城墙一样 灌汤包还可以吧 无锡排骨是我这种蚂蚁星人都受不了的甜 更不要说桂花糖芋头了 酒酿圆子还可以吧 毕竟汤圆和酒酿应该都是买来的
❣️Alice’s Kitchen 8am - 10pm 星期二休息 想吃 菠萝包 漏奶华 混酱肠粉 肉碎煎蛋饭 煲仔饭only after 5pm 冻柠茶比冻奶茶好喝 漏奶华一般般 煲仔饭里面带骨头的肉碎骨头非常多不适合给小孩吃 菠萝包已经完售
❣️裘阿姨上海早点8-3pm 5-8:30pm 星期二休息 咸豆浆 油条麻糍 咸豆腐脑 也想吃青团
❣️DX Lab 11:00-9pm 星期二休息 在la的这几天一定要点到叶儿粑 甜皮鸭和甜水面想二刷 想试试芽肉大包和肥肠粉
❣️豫香園 11-9:30pm 竟然周六休息 想试试羊肉泡馍 油泼面 腊汁肉夹馍  凉皮 羊杂汤
❣️Melo Melo 天呐涨价的这么离谱么 并且感觉质地变了
❣️Motto Tea Cafe 芋泥脏脏奶 芋泥千层蛋糕
❣️Xing Fu Tang 不知道点什么但是吃茶三千没有online order之后我真不知道去哪里买奶茶
Thai Town
❣️Sapp coffee shop 8am - 6pm 看起来平平无奇的泰式船面 但感觉这个营业时间这次没办法去了 🐎住吧
❣️Sanamluang Cafe 11am - 1:45am google上面评价很多但xhs好像没什么人推荐 据说食物ok服务一般 虾饼推荐或者沙地鸡肉串吧
❣️Radna Silom 6pm-12am 很火的街边小吃 就不太清楚卫生情况 感觉很正宗的泰国夜市小吃 was on NPR 想吃一下thai crepe with Golden thread加whiped cream 要先点crepe因为就两个烤炉 也想点pad thai 和 炒饭 去到那边确实发现卫生令人堪忧 做饭的员工在擦鼻子 我看到就手刀跑开了
	
这次没吃到什么美食 LA还是没吃明白😂",1672628263000,1672628379000,5d18a34000000000100330e5,oh奶油,https://sns-avatar-qc.xhscdn.com/avatar/618801637f993455fd7aac28.jpg,292,581,72,85,,"https://sns-img-bd.xhscdn.com/1000g0081qv64nnef60405n8okd046c75p1ftaqg,https://sns-img-bd.xhscdn.com/1000g0081qv64nnef60005n8okd046c75p0eoldg,https://sns-img-bd.xhscdn.com/1000g0081qv64nnef600g5n8okd046c7596ts198,https://sns-img-bd.xhscdn.com/1000g0081qv64nnef60105n8okd046c75hb2cc7o,https://sns-img-bd.xhscdn.com/1000g0081qv64nnef601g5n8okd046c75v5j1c4o,https://sns-img-bd.xhscdn.com/1000g0081qv64nnef60205n8okd046c756e4r7oo,https://sns-img-bd.xhscdn.com/1000g0081qv64nnef602g5n8okd046c75bcefg20,https://sns-img-bd.xhscdn.com/1000g0081qv64nnef60305n8okd046c75kae26eo,https://sns-img-bd.xhscdn.com/1000g0081qv64nnef603g5n8okd046c75h3c1t60",1702880421362,https://www.xiaohongshu.com/explore/63b24827000000001b027b55
653043120000000023039f98,normal,LA 山西百年面道 好吃到emo了,"我们点了莜面栲姥姥，牛肉炒刀削面，羊杂汤。
	
***有些菜品可能需要预订哦，想确保能吃上建议大家提前一天预订***
	
莜面- 4.5/5
好家伙，我得有五六年没吃到莜面了。小时候有时间姥爷就会给做莜面吃，做炸糕吃，家里一直说我把姥爷的口味全盘继承了。
他家的莜面，可能我这个蒸过了，第一口吃有点软，后来稍微找回了一点筋道。解馋是够用的了。
	
羊杂汤- 5/5
里面的羊肉巨好吃。不膻，满满的羊肉味。
	
牛肉炒刀削面- 5/5
牛肉块也巨好吃。真不是吹，真的好吃。刀削面也很好吃，三角状的面条，亲眼看着机器对着锅 kua kua一顿削。
	
吃到一半我俩吃emo了，一方面是因为西雅图没有这么好吃正宗的面馆。不然这个店真的能让我找到家的感觉。一方面也是因为太好吃了，而我俩饭量变小了吃不了还没法打包…
	
吃完了男票拿起手机一顿输出，我一看，原来是在写google review。这还是第一次一家餐馆好吃到，让他难过的必须写个好评来缓解 [笑哭R]
	
我一般避免把一个餐馆夸的太好导致期望过高。所以这家也是一样。对我来说像是到家的感觉，对别人可能觉得，就这？毕竟我也觉得我姥爷的莜面做的更好吃一点[暗中观察R] 所以大家理智探店哦么么哒
noodle palace
8518 Valley Blvd,
Rosemead, CA 91770",1697661715000,1698610837000,576c8c665e87e7300951cdc7,果果🍐,https://sns-avatar-qc.xhscdn.com/avatar/63d2e0b9e314b9cf64b4dc96.jpg,574,689,123,350,,"https://sns-img-bd.xhscdn.com/546238ef-8c30-6d82-e9d3-f14080197442,https://sns-img-bd.xhscdn.com/b617a039-a8f6-64a1-afd2-09c76a687476,https://sns-img-bd.xhscdn.com/41e2c0dd-897b-e7d9-f32d-3bf1e72deedf",1702880421394,https://www.xiaohongshu.com/explore/653043120000000023039f98
655920a6000000003200a24b,normal,La探店｜成都老饕推荐必吃七家川湘菜合集🍽️,"一个地地道道成都崽儿，整理出洛杉矶必吃7家川湘菜地图！狠狠收藏✅
	
一瓢红油
🍽️ 招牌菜：毛血旺, 🍳妈妈的蛋炒饭, 爆爆蛙肚, 肥肠鱼, 小炒台花菜, 一瓢肥肠.
🌟 必点的毛血旺让你感受火辣的川菜魅力. 🔥🌶️
📍 17110 Colima Rd B, Hacienda Heights, CA 91745
	
洞庭湖
🍽 招牌菜：皮蛋茄子擂辣椒，干锅青蛙
🌟 老板娘亲切，服务超级棒，这里的菜色简直是一绝！
📍788 S Atlantic Blvd, Monterey Park, CA 91754
	
胡一南
🍽 招牌菜：土家牛腩粉，湖南小炒肉，胡师傅卤炒，热卤鸭腿
🌟 小哥服务超级到位，是少数新派长沙菜系代表！
📍301 W Valley Blvd , San Gabriel, CA 91776
	
川山甲
🍽️ 招牌菜：川山甲跳水鸡, 鲜椒花甲肥肠, 鸭血脑花豆腐, 钵钵鸡, 夫妻肺片, 花田碎冰粉.
🌟 以其独特的川味菜肴而闻名，特别是那道令人垂涎欲滴的跳水鸡! 💦🔥
📍18888 Labin Ct C101, Rowland Heights, CA 91748
	
锦城里
🍽️ 招牌菜：火爆腰花, 牙签羊肉, 冒菜, 翘脚牛肉, 夫妻肺片, 凉面.
🌟 火爆腰花和冒菜都是必点🌶️🍜
📍13816 Red Hill Ave, Tustin, CA 92780
	
红辣椒
🍽 招牌菜：擂茄子，干锅玉子豆腐，湖南小炒肉
🌟 菜的味道绝了，上菜速度也很快，不容错过！👌
📍18977 Colima Rd, Rowland Heights, CA 91748
	
那家川菜
🍽️ 招牌菜：五花肉Q豆腐, 水煮牛肉, 毛血旺.
🌟水煮牛肉和毛血旺都是经典。🌟🥩
📍1635 S Azusa Ave, Hacienda Heights, CA 91745
             ",1700339878000,1700339878000,5df9b0c9000000000100bb12,蛋蛋吃在南加,https://sns-avatar-qc.xhscdn.com/avatar/1040g2jo30qelncapg6005nfpm34g9eoiv53bk8o,103,170,45,58,美国,"https://sns-img-hw.xhscdn.net/b5cde151-27a2-22c5-0b07-bba95cc08f40,https://sns-img-hw.xhscdn.net/35562886-7ac4-27a3-7ffe-779200d67963,https://sns-img-hw.xhscdn.net/f66ed857-c702-0706-e02c-a483c2a391bb,https://sns-img-hw.xhscdn.net/7a2ccd1f-ad79-7608-f717-895a52b029ea,https://sns-img-hw.xhscdn.net/a6978f9c-afd8-200d-6e8f-d97719b74afa,https://sns-img-hw.xhscdn.net/698ae014-5975-2065-4a9d-fefa42e7f20c,https://sns-img-hw.xhscdn.net/9ca139fe-f680-935e-e1b8-9be5f21e1f28,https://sns-img-hw.xhscdn.net/3436a1da-f2ab-712b-5dec-2a5e2616bf70,https://sns-img-hw.xhscdn.net/daeae85e-d71c-84e1-681a-13e5aa804dfb,https://sns-img-hw.xhscdn.net/f3662bf6-b46c-0df1-6304-084cdbcdde27,https://sns-img-hw.xhscdn.net/dfa30568-87df-2269-c584-d9c78da72737,https://sns-img-hw.xhscdn.net/93d039d1-aec4-5a0a-fa90-b8ab35860047,https://sns-img-hw.xhscdn.net/b6ab25d7-8ea2-230f-bf73-42108fb22486,https://sns-img-hw.xhscdn.net/469aa837-335d-233f-cd5a-b3605684e743,https://sns-img-hw.xhscdn.net/dcfbe066-9c80-6b71-df94-92d20f051713,https://sns-img-hw.xhscdn.net/6cebb82f-cb46-8fd2-d9b5-77ab8d503c1f,https://sns-img-hw.xhscdn.net/c98231b2-260c-462a-05c0-7465cf818609,https://sns-img-hw.xhscdn.net/2cd3235e-91e7-73ce-1d5c-b2e57eae319f",1702880421425,https://www.xiaohongshu.com/explore/655920a6000000003200a24b
6466e780000000001303c54a,normal,洛杉矶好吃的川菜馆榜单,"个人感觉味道还不错的LA川菜馆，没上榜的可以评论区补充，不好吃的也可以吐槽吐槽，帮其他小伙伴避下雷
下期出洛杉矶火锅，串串和麻辣烫[鼓掌R] #",1684465537000,1684465537000,5e6bddd40000000001008550,Jessie🐽,https://sns-avatar-qc.xhscdn.com/avatar/64658562852e2b4b3d45b5e0.jpg,286,437,69,121,,https://sns-img-hw.xhscdn.net/e6478ac6-02a2-c149-7015-dd1768c54c70,1702880421454,https://www.xiaohongshu.com/explore/6466e780000000001303c54a
640d33ae000000000800fc8a,normal,LA探店｜东北大锅炖你不会没吃过吧？,"作为广东人第一次吃东北菜，我表示这家真不错！[色色R]铁锅炖的分量都挺足的，我们六个人点的炖大鹅四人份就够吃了[笑哭R]
	
六个人吃了什么？⬇️（人均50-60🔪）
【铁锅炖大鹅4人份，羊蝎子2人份，五彩大拉皮1份，雪绵红豆1份，玉米馍馍1份，拔丝地瓜1份】
吃的超饱，捧着肚子走的[捂脸R]
	
环境🌟🌟🌟🌟🌟
服务态度🌟🌟🌟🌟🌟
菜品🌟🌟🌟🌟🌟
	
🫴五彩大拉皮的酱真的很合我的口味，非常浓郁的麻酱和花生酱的味道，必点！
	
🫴铁锅炖大鹅和羊蝎子🤔，我pick羊蝎子！
我们选的是微辣二人份，里面有白萝卜和大白菜🥬
羊蝎子香辣味的汤汁很能下饭，或者可以加一个红薯粉下次一起煮！他们家有红薯宽粉和红薯粉丝，建议点粉丝，因为挂汁的效果更好！[偷笑R]
	
🫴拔丝地瓜🍠！必点！口感超软糯！
	
🫴雪绵红豆🫘，是蛋白包裹着红豆馅，红豆陷甜度刚好不齁，但有点贵，一份十个要差不多30🔪
	
总结：会再来！🌟🌟🌟🌟🌟
	
📍罗兰岗
  ",1678586798000,1685433085000,5a69f09ee8ac2b3708e2629f,邓棋棋的小棋棋,https://sns-avatar-qc.xhscdn.com/avatar/6470520f63774f70a0480af6.jpg,47,57,3,99,,"https://sns-img-hw.xhscdn.net/f79d7e7d-4615-91b6-9c74-1b8c0f3d385b,https://sns-img-hw.xhscdn.net/3c32e059-bfb3-7788-aafb-939c9d1b501b,https://sns-img-hw.xhscdn.net/dad537c2-1531-f9ec-3c9e-d5932e5c2750,https://sns-img-hw.xhscdn.net/4a1ca2b3-0c63-cd39-38c5-a7dc63802b29,https://sns-img-hw.xhscdn.net/fea08769-7524-af8f-2dee-458cd5d9ef38,https://sns-img-hw.xhscdn.net/9b4a9b75-7b88-388d-2b11-7388555afbb2,https://sns-img-hw.xhscdn.net/00654bab-d702-b44f-d77a-709f511d728f,https://sns-img-hw.xhscdn.net/b073d15a-28c5-ab0a-c1b5-51c3b6908c83",1702880421485,https://www.xiaohongshu.com/explore/640d33ae000000000800fc8a
654edadf0000000032031b94,normal,在LA我们久违地吃到了大排档夜宵,"🏠店名：DaPaiDang
📍地址：250 W Valley Blvd # L, San Gabriel, CA 91776
	
前段时间又去LA玩儿了两天～LA的好吃的还是很多哒[派对R]！更新两篇LA美食吧[赞R]！从这家新开不久的大排档开始：
	
Highlights:
❤️【新鲜】首先他们家的食材很棒！我们点的蛏子个头不大但是真的很新鲜！牛蛙是现杀的，肉质很弹～尊的好棒[赞R]！
❤️【口味】他们家的几个菜确实有那种以前在广东吃大排档的感觉，比如炒通菜刚端上来的时候还有那种刚刚炒好的微微锅气，大部分调味也很够味，会比那种精致一点的餐馆味道更足让人吃得更爽一点～但也不会过于重口[偷笑R]～
❤️【服务】最近我们去的中餐新店服务都很好啊值得专门夸夸！我们去的时候服务员知道我们是第一次来以后有贴心询问我们的口味，能不能吃辣，然后给我们推荐，还中途询问我们吃得怎么样～让中餐馆的服务卷起来吧[哇R]！
	
Lowlights:
💔【份量】我个人觉得他们家的分量比我点菜的时候想象的少一点（虽然也够吃了）[汗颜R]...
	
     ",1699666655000,1699666656000,58eedfa882ec3911943dbcb4,绵绵美食小地图,https://sns-avatar-qc.xhscdn.com/avatar/63aa7a13b6c054b4b07ebf69.jpg,135,203,13,95,,"https://sns-img-hw.xhscdn.net/41def611-f638-1071-a5a6-ccc95dd4b1b9,https://sns-img-hw.xhscdn.net/d1a5b01b-e52b-8afb-34e2-3f8dde736159,https://sns-img-hw.xhscdn.net/d6ecf7ef-fb82-49a8-2efe-f92d4229a04d,https://sns-img-hw.xhscdn.net/889e0a99-55b0-fa2e-0b3d-b6e7f9d00661,https://sns-img-hw.xhscdn.net/0d197bd1-bb63-d42a-1c5d-9439828d91dc",1702880421515,https://www.xiaohongshu.com/explore/654edadf0000000032031b94
63b66e0d000000001f011802,normal,洛杉矶50家中餐馆强烈推荐！！赶紧去试试！！,"这次推荐的餐厅都是我亲自去过并且觉得很不错的！
‼️ UCLA附近：
1. Fifty-one 伍拾壹：北京菜广东菜和dim sum
2. Qin West 桂陕一家：桂林米粉和陕西凉皮肉夹馍
3. Feng Mao BBQ Lamb Kebab Western
4. Northern Cafe 颐丰园：面食、烧烤和火锅
5. Popcorn Chicken：好吃的台湾便当
6. Mr Rice 米先生：双椒肥牛米线和红烧牛腩饭
7. Sichuan Impression 锦城里：合格的四川味道
8. Capital Seafood Beverly Hills：港式点心
9. 海底捞
	
‼️ 东边的中国城地区：
10. 幺妹儿火锅：我最喜欢的四川火锅🍲！
11. 山城辣妹子火锅：以前爱吃
12. 那年遇见串串：室友最爱吃的串串🍢
13. 老刘家烤鱼：最喜欢的烤鱼！老刘家绝味
14. 海港大酒楼：Dim Sum
15. 老码头火锅
16. 辣椒王：湖南菜 辣
17. 洞庭春：湖南菜，麻辣小龙虾
18. 隆兴记：蟹黄汤包
19. 北京缘：烤鸭和全鱼泡饼
20. 那家小馆：米其林北京菜
21. 金海餐厅：煎饼果子豆浆油条
22.  西安食府
23. 一品香：麻辣香锅
24. 山里屯：东北铁锅炖大鹅
25. 吴铭火锅
26. 原味店：正宗的广东小食
27. 上海壹号：好吃😋
28. 上海滩：正宗上海菜
29. 大院炒鸡：山东菜
30. 壹家砂锅馆：黄焖鸡米饭
31. 禄鼎记：老牌米线
32. Alice’s Kitchen：港式茶餐厅，菠萝油
33. 活粥王：海鲜粥
34. 从前的小酒馆：烤串
35. 沸腾石锅鱼
36. 滋味成都：老牌四川菜
37. 聚点串吧：最喜欢的烤串
38. 唇辣号重庆火锅
39. Dolans Uyghur Cuisine：新疆菜！羊肉！咸奶茶！
40. 杨铭宇黄焖鸡米饭
41. 宽窄巷子：好吃的川菜
42. 金鸭子：烤鸭
43. 吉荣烤鸭
44. 祥记私房菜：港式茶餐厅
45. 老西面馆儿：山西人觉得还可以
46. 一瓢红油：川菜
47. 喜湘御：湖南菜
48. 那家老菜馆：地道的东北菜
49. 宽窄巷子：四川菜
50. 康康小美：贼好吃的生煎包！
	
   ",1672900109000,1672957065000,608df267000000000101cea7,LY的旅行魔方,https://sns-avatar-qc.xhscdn.com/avatar/608df267000000000101cea7.jpg,479,808,35,481,,"https://sns-img-hw.xhscdn.net/1000g0081rfclh0kf20005o4du9jgbjl791lm76g,https://sns-img-hw.xhscdn.net/1000g0081rfclh0kf200g5o4du9jgbjl7mhig6vo,https://sns-img-hw.xhscdn.net/1000g0081rfclh0kf20105o4du9jgbjl7q96rpd0,https://sns-img-hw.xhscdn.net/1000g0081rfclh0kf201g5o4du9jgbjl7bron3h0,https://sns-img-hw.xhscdn.net/1000g0081rfclh0kf20205o4du9jgbjl7ad1l9d8,https://sns-img-hw.xhscdn.net/1000g0081rfclh0kf202g5o4du9jgbjl71ff5028",1702880421544,https://www.xiaohongshu.com/explore/63b66e0d000000001f011802
6513c0dc0000000020001b51,normal,毕业后也要回UCLA吃这家🦆❤️😋,"眉州东坡真的太好吃了[色色R]
	
West LA好吃的中餐真的太少了，上学的时候来来回回吃了好多次眉州，还偶遇过吴建豪[暗中观察R]毕业之后搬到downtown有时还蛮怀念上学时候的味道捏～
	
🦆招牌烤鸭
不必多说啦眉州东坡的招牌烤鸭，我们点了半只鸭份量已经很足了，厨师现切的时候烤鸭甚至还冒着热气[哭惹R] 鸭皮蘸白糖直接入口完全不腻，饼皮厚度适中，卷着鸭肉黄瓜一起吃尊嘟绝了[赞R]
	
🐔辣子鸡
每次下课来吃的时候都必点的一道菜，上菜很快而且很适合几个朋友一起边聊八卦边吃[吃瓜R]甜辣味的鸡肉配着薯条一起，到现在都第一次见的中餐组合，还蛮有创意的[偷笑R] 味道也很特别，吃着吃着就容易上瘾哈哈哈
	
🐮双椒肥牛
感觉厨房还是有一直在创新的，比记忆里的味道更好吃了[哇R] 很经典不会出错的一道菜，非常下饭而且确实感觉越来越正宗了！
	
🥬干煸四季豆
每次吃饭都必须要点一道素菜，这道也属于是每次必点了[害羞R] 火候掌握的恰到好处，非常入味而且个人觉得比很多肉菜都好吃很多！感觉每桌都点了这道菜哈哈哈哈
	
🍜担担面&酸辣粉
去的有点晚了太饿了所以先点了两碗粉面垫垫肚子[害羞R]第一次吃这个担担面，面条很筋道而且肉也给的蛮多的！看起来小小一碗其实分量比我想象中足很多，吃了半碗感觉要饱了抓紧打住[大笑R] 朋友点的酸辣粉看起来更好吃一点[生气R]我不吃酸但尝了一口是可以接受的酸辣味，而且很开胃最后吃了超多[扯脸H]
	
我们满满一大桌像提前过中秋一样，但其实就两个人[石化R] 没有一道菜踩雷，北方人和南方人都吃得很开心[派对R] 不想做饭所以走的时候打包了满满一大袋，本来以为眉州东坡定位比较中高端所以外卖应该偏贵，不过🐼熊猫外卖上现在还有外卖折扣还是蛮心动的[哇R]还有一家眉州小厨，看起来是眉州东坡的厨师专门做盒饭套餐的才$9.9！！好适合每天上学的时候[哭惹R]
	
📍眉州东坡
Century City Westfield里面，🅿️有停车场
	
                @吃货薯",1695793372000,1695793373000,55f937013397db10d5495888,Jenny尖尖,https://sns-avatar-qc.xhscdn.com/avatar/6280bf50567d9757fcf491dd.jpg,48,28,6,48,,"https://sns-img-bd.xhscdn.com/c6acace9-e657-bf3c-1b62-a1833cef3939,https://sns-img-bd.xhscdn.com/fbfe0fbf-155b-d6d5-e85b-d1cc6ae347e1,https://sns-img-bd.xhscdn.com/8f8d9500-02c8-6b57-76e1-954534a00158,https://sns-img-bd.xhscdn.com/9fccf759-62d5-4971-fd38-19b05249a893,https://sns-img-bd.xhscdn.com/16f62604-ceb1-da46-3e25-38a5f212d3d0,https://sns-img-bd.xhscdn.com/5f17b171-477b-f6a2-416a-28b6e267d5d4,https://sns-img-bd.xhscdn.com/abe21a15-b026-82e3-bb5c-ff849ae44945,https://sns-img-bd.xhscdn.com/e949ab73-063d-e4d6-5d31-c14116205e4f,https://sns-img-bd.xhscdn.com/eb171caf-1a44-4a63-5323-f84811860590,https://sns-img-bd.xhscdn.com/d6b1e227-70d6-16b5-974c-c9fa7e4feb25",1702880455288,https://www.xiaohongshu.com/explore/6513c0dc0000000020001b51
63d2f5560000000002000e18,normal,吃了这顿牛肉火锅🍲下辈子想做潮汕人🙏,"虽然每天艳阳高照，
但是洛杉矶还是冷飕飕~~~
被粉丝们安利了很多次的👇
🍲潮厢牛肉粿条🍲我们来了！！！
.
✨精致的乌龙茶
两人一壶的乌龙茶也太有仪式感了~
不过就是茶壶有点小，要一直添茶。
.
✨滋补花牛醉鸡锅
半只醉鸡在药膳汤底里翻滚着酒香，这份套餐只包含一份雪花牛肉，我们➕一份手切五花趾，五花趾比雪花牛口感好多了~涮上10秒，入口是脆爽的口感。
	
✨潮牛四宝粿条
牛肚+牛丸+牛肉+牛百叶，鲜牛肉汤是够滋味的，而且分量还真的挺大！感觉两个人分一碗都够了。
	
✨鲜牛肉粒炒饭
这碗炒饭是超乎我们的预期，牛肉粒很嫩，给的也不少，蛋炒饭真的香~碳水的满足感~
.
❌地道生蚝烙
虽然没去过潮汕，可是这一盘生蚝烙吃起来也就是个纯纯的鸡蛋饼？里面有一些小粒生蚝，感觉是罐头装的那种。
❌潮汕小吃拼盘
嗯，大家一致同意这就是炸过的超市散装火锅鱼丸。
.
作为洛杉矶几乎没有的潮汕火锅，
还是可以来尝尝鲜，
他家的粿条是真的很不错~
冬天嗦上一碗确实很温暖很满足~
.
🍲潮厢牛肉粿条
📍401 W Valley Blvd, San Gabriel, CA 91776
                ",1674769750000,1674769751000,5bbda23f5f25800001cd5880,洛杉矶吃货小分队,https://sns-avatar-qc.xhscdn.com/avatar/5f2dc22be43b17000150f62d.jpg,583,805,18,855,,"https://sns-img-hw.xhscdn.net/9b1c098f-de41-5052-e383-699edd57c7d8,https://sns-img-hw.xhscdn.net/178760dd-e994-37a2-5ece-acd4be74730f,https://sns-img-hw.xhscdn.net/216762c4-1e24-af22-dced-04ab524df0c1,https://sns-img-hw.xhscdn.net/6e51741f-ddea-93de-4b40-34f342195a21,https://sns-img-hw.xhscdn.net/5a785152-e62b-3826-7de6-8f1480758d4b,https://sns-img-hw.xhscdn.net/98cf73ba-261b-758c-e3d4-b7617bccc3aa,https://sns-img-hw.xhscdn.net/87041caa-f122-179a-f115-37cd2c96e8ac",1702880455387,https://www.xiaohongshu.com/explore/63d2f5560000000002000e18
62b8a90c000000000e03cef9,normal,洛杉矶探店｜南京人专程飞来吃的南京餐厅🍴,"[doge]今天这家餐厅我是没啥感觉… 但是土生土长的纯种南京人喵喵（我老公）他从一开始有人po这家店，就一直蠢蠢欲动要飞来吃，好啦，终于得偿所愿了。来分享一下他的用餐体验🍴
.
👧我是广东人，我的口味和他很不一样。可以给大家参考✅
.
1⃣️南京烤鸭
👧🌟🌟🌟🌟
👨‍🦲🌟🌟🌟✨
👉南京人表示太咸了，他们南京的烤鸭都是味白白的就着卤汁吃的，所以可以说是鸭卤定胜负。从这一点上讲他觉得这家烤鸭一般
👉我觉得吃着很不错！我不是【就着卤汁】 我只是蘸一下～ 而且鸭子肉质也很好，一点都不柴，没有丝毫鸭腥味。非常🉑️
.
2⃣️鸭血粉丝汤
👧 🌟🌟🌟🌟✨
👨‍🦲🌟🌟🌟
👉南京人表示温哥华的卞福昌全面吊打。我觉得它比卞福昌好吃，因为这家不会太咸～ 鸭肝最难做也做得很好很嫩
.
3⃣️牛肉砂锅
👧 🌟🌟🌟🌟👨‍🦲
👉难得达成了一致～
.
4⃣️鸡汁汤包
👧🌟🌟
👨‍🦲🌟🌟🌟🌟
👉南京人表示更爱温哥华某家小笼，那家皮更香，汤更多，肉馅味道也更好。
👉广东人表示一切有臭猪肉味的肉馅都吃不下[doge]
.
5⃣️南京小馄饨
👧🌟🌟🌟
👨‍🦲🌟🌟
👉作为馄饨ok的，作为南京的馄饨绝对不合格。皮太厚重，肉馅也太大。而且馄饨汤像是煮馄饨的汤，不干净。这一道不推荐～
.
	
📝最后有我之前写的盐水鸭教程，在收藏夹里可以找到。超级简单❗️小伙伴们有兴趣的话可以自己在家做哦[偷笑R]
.
🍴老南京盐水鸭
📍 18321 Colima Rd, Rowland Heights, CA 91748, United States
.
                 
.
@城市情报官 @吃货薯 @生活薯 @薯队长",1656269068000,1656269069000,58ff54ee82ec39315167f9f1,喵的喵,https://sns-avatar-qc.xhscdn.com/avatar/6343943929db8c55126d638a.jpg,308,455,75,267,,"https://sns-img-bd.xhscdn.com/97c487b5-b6cb-f09f-9adf-f45b44a557af,https://sns-img-bd.xhscdn.com/8419c483-5a21-b851-8c3e-a28f4599f5ed,https://sns-img-bd.xhscdn.com/2e4041e8-76ae-01f5-2e73-adfe86b635e9,https://sns-img-bd.xhscdn.com/cf4fa1c4-e2fc-1eaa-a933-b6ac34703a7e,https://sns-img-bd.xhscdn.com/20b47f72-57b7-8a79-dded-e79ac803c6e4,https://sns-img-bd.xhscdn.com/85f4d7fc-bf52-d657-cc40-4703edfe42ce,https://sns-img-bd.xhscdn.com/ee611385-5ae8-2607-c687-8213bbf26c27,https://sns-img-bd.xhscdn.com/89b9b885-f409-8ab2-2650-d8bc1b8fdb27",1702880455413,https://www.xiaohongshu.com/explore/62b8a90c000000000e03cef9
648249ea0000000012031746,normal,川山甲洛杉矶店,"终于来吃川山甲了
环境真不错啊，有点国内曲水流觞的意思了，有一间包房能容纳9-10个人，最大的桌子是凉亭但不属于包房可能私密性会稍微差一些。但是整体环境真的不错！
关于菜品，因为人比较少所以就点了一个晾衣白肉，泡椒鸡杂，舌尖上的蛙跳，鱼香肉丝和老妈蹄花汤。菜就还可以吧，牛蛙和汤都还不错，鸡杂有一点腥但真的服务态度超级好，直接过来看是退菜还是换菜补救！最后买单还打个9折！
所以，就冲着这个服务态度和环境我觉得请客吃饭还是可以再去的，服务态度和环境都给六颗星🌟🌟🌟🌟🌟🌟
           ",1686260202000,1686260203000,616de908000000000202513a,赵自由,https://sns-avatar-qc.xhscdn.com/avatar/62c4cae8e6231908bd077c37.jpg,153,111,34,109,,"https://sns-img-bd.xhscdn.com/36086277-8272-2a53-e3d2-2bb83587e20c,https://sns-img-bd.xhscdn.com/a05c1f1e-b38b-6c9a-4f01-27e702725889,https://sns-img-bd.xhscdn.com/a6eed1d8-0b5a-0d94-ef5e-a013480bafcf,https://sns-img-bd.xhscdn.com/f0faf255-1aad-9728-820e-7dfbdec7d5c3,https://sns-img-bd.xhscdn.com/cbb8d735-507d-55f0-21c1-74eaafc9fb7b,https://sns-img-bd.xhscdn.com/951aa34b-4b40-7207-18be-8dac73bc9802,https://sns-img-bd.xhscdn.com/3747753b-f307-4e18-c3e8-df1409bea2fa,https://sns-img-bd.xhscdn.com/47e2239f-169e-1b52-d28b-9b0c3f8bea14,https://sns-img-bd.xhscdn.com/cf91c218-399c-5056-3108-cb76cad159fe",1702880455445,https://www.xiaohongshu.com/explore/648249ea0000000012031746
64ab545e000000002b03db9e,normal,🇺🇸洛杉矶｜四川人认证最正宗的三家川湘菜,"🌶️LA真的是四川人的天堂啊🥹🥹每次过来吃川湘菜都能吃出一堆感慨！！边吃边感叹怎么这么好吃！真的可以吃出家乡的味道！作为一个从小到大无辣不欢的成都女娃娃 给大家推荐我心中最好吃最正宗的三家不可错过的川湘菜！
	
1⃣️那家川菜 【Spicy Home】
罗兰岗不可错过的川菜！这家不仅好吃，而且价格非常美丽，量大味好，童叟无欺！特别是牛蛙爱好者真的会狂喜～它家做干烧牛蛙和仔姜牛蛙都真的很正宗 相当下饭！牛蛙很入味 干烧会先炸再炒所以会更香一些，仔姜的会更能吃到蛙的原味～另外也很推荐它家的水煮牛肉和炒包菜 很有锅气！就是每次去都要排队 可以拿完号去旁边大华逛一逛
	
2⃣️锦城里 【Sichuan Impression】
位于尔湾的一家老牌川菜馆了～有很多正宗的菜品比如在成都经常会吃的跷脚牛肉、冒菜和红油兔丁。真的狂推荐跷脚牛肉（配上葱花香菜 撒一点小米辣 牛肉蘸上干料，这种吃法真的太四川了！）锦城冒菜也是超美味的，很香的红油味，加上面上辣椒面和蒜末 泼上热油激发香味 很绝！）这家有红油兔丁真的完全没想到，这边感觉做兔肉的店很少。虽然味道不算很惊艳，但真的吃出了一种情怀！
	
3⃣️辣椒王 【Hunan Chili King】
这家可以狂吃三碗米饭不费劲！满盆辣椒 极度舒适！真的很香～和长沙吃的湘菜味道很相似了！辣椒王田鸡相当入味！又辣又过瘾！辣椒炒鸡蛋、小炒黄牛肉都是用的长沙辣椒大锅炒 很有锅气 特别特别下饭～另外猪肉渣花菜也很香 猪肉的味道很独特！建议还可以点清炒莴笋 很清新脆嫩的口感 中和辣椒的刺激 一顿吃下去真的是太满足了！！！
	
😭吃完回去继续努力了！看了这些餐厅真的是很佩服 确实做的好吃！来LA的小伙伴选择这三家一定是不踩雷的！相信四川人！又是疯狂羡慕LA人民的一天了😭😭😭
-
  
  
  
  ",1688949854000,1688950566000,63574099000000001802e2b2,麦麦Bhl,https://sns-avatar-qc.xhscdn.com/avatar/1040g2jo30o8s8mam24005oqn82cm5oli24i0rg8,181,210,25,136,,"https://sns-img-hw.xhscdn.net/5e0ced05-9bca-8dd1-5631-7670af42c5f3,https://sns-img-hw.xhscdn.net/1eeca518-ada9-7010-e9fc-76767b974f05,https://sns-img-hw.xhscdn.net/e10d2d0d-608e-2f0a-eaba-0e1bc2c623a1,https://sns-img-hw.xhscdn.net/b96ecfda-9a3c-e66e-9f63-e35643d85370,https://sns-img-hw.xhscdn.net/d4b4b6b4-7747-8b7c-be56-81b52a985fd9,https://sns-img-hw.xhscdn.net/3f117488-0a2b-11ff-2300-4efa07065279,https://sns-img-hw.xhscdn.net/6df18261-f03c-05f1-288a-60ac0ee1be21,https://sns-img-hw.xhscdn.net/1da025a2-9b6e-0085-6bc8-f9668058c085,https://sns-img-hw.xhscdn.net/64b1a243-4cde-0d7b-4bd0-6c427a0d6b6c,https://sns-img-hw.xhscdn.net/745726a7-4a64-62b5-13d3-c5d82dd066cb",1702880455472,https://www.xiaohongshu.com/explore/64ab545e000000002b03db9e
61cf7483000000002103cfee,normal,LA无滤镜探店｜那家小馆 一口葱烧海参回家了,"📍Bistro Na’s
家人群里已经在问候新年快乐。加上看了一早上大家21 回顾22 展望，终于有了一种要新年的感觉。但应运而生一丝焦虑，我还是来记录一下昨日晚餐压压惊吧…
	
学妹推荐的餐厅，记一大功！😳
	
吃得还是比较满意，但还是经历了一点小波折。网上提前预定以后就开始刷到各种褒贬不一的评价，心里有些许慌，但因为学妹本身是大厨又是老乡，学妹认证，决定一试。非周末晚餐进门是满客状态。很少堂食所以看到这么多人还是有点忐忑… 又是闷闷的环境。
	
点餐的时候，要啥没啥，所有面食都sold out。想了好几天炸酱面和肉饼了，所以又有点失望…
	
但是吃到葱烧海参和腊八蒜的那一刻，所有的阴霾都散了！！
🌟菜品🌟
✅小吊梨汤 银耳汤没有料的感觉。淡淡的清甜，好喝。
✅铁观音 一壶可以无限续水，解腻，配京八件刚刚好的茶
✅臻品皇坛子 想象的是有点佛跳墙的意思但不是。浓鸡汤配花胶等食材。按位上，但是不介意的话可以先点一个尝尝再决定要不要多点。个人对味道不是很满意。
✅酥皮虾 - 皮都可以吃掉的炸虾！肉质紧实，不散不绵
✅腊八蒜烧肥肠 - 酱香味，腊八蒜解腻且醋味去腥
✅鹌鹑蛋烧牛腩 - 偏咸口，一口腊八蒜一口饭一口肉，美！
✅那府自制豆腐 - 鸡蛋豆腐的口感，像吃鸡蛋羹。绿色的像是野菜？有一点点油味，酱料是咸口
✅葱烧鲍鱼海参 最爱！海参不是指头大那种小刺身。是真的青岛人饭桌上会吃的那种！裹着酱香葱香的海参配一口白饭，梦回家乡！
✅呛炒奶白菜 就是炒青菜，加了花椒油。挺清口的，但可以试试别的
✅京酱肉丝配薄饼 甜咸口，但是偏油。肉丝很细碎，陪着葱丝香菜丝和黄瓜卷着吃
✅迷你京八件 值得一试！ 暂缓对稻香村的想念。糕类的不甜，酥类的馅料也不腻。
✅白饭
	
四个人大快朵颐，很满足！
	
🌟环境🌟
有些拥挤，一进门闻味就是国内饭店的熟悉味道。
装潢很中式。如果不是疫情，很适合聚餐或者带家人来
	
🌟服务🌟
内敛又诚恳。可能是看出我们啥都想吃，阿姨建议可以点例而不是份。四个人六个菜（例）应该就足够了
	
先提前祝大家新年快乐啦！之后再来慢慢回顾这次的加州之行 ❤️
	
        ",1640985731000,1640985731000,5900102b6a6a694da644ef3b,七圈圈,https://sns-avatar-qc.xhscdn.com/avatar/64c88587c769459f3a5e331f.jpg,233,255,14,180,,"https://sns-img-hw.xhscdn.net/796a2f88-17e0-f122-f18c-e7930725c0fe,https://sns-img-hw.xhscdn.net/f75cb491-b912-59f0-4ff7-636babfc83d1,https://sns-img-hw.xhscdn.net/34e71015-ecaa-c8ad-57b0-409fb1673858,https://sns-img-hw.xhscdn.net/70368cf2-68b8-afc0-2bc4-f568f6983267,https://sns-img-hw.xhscdn.net/0798b32a-f828-287f-7ceb-4bee5690602d,https://sns-img-hw.xhscdn.net/61a4ee9f-5ce0-d2ba-9fd5-0a33cbefc44d,https://sns-img-hw.xhscdn.net/9c362341-657f-eae3-1535-9561a7e47063,https://sns-img-hw.xhscdn.net/1042898c-161f-5502-9cc3-f3078c3f144f,https://sns-img-hw.xhscdn.net/0eb40303-1d87-ba10-5d43-34c6abfbdc98",1702880455502,https://www.xiaohongshu.com/explore/61cf7483000000002103cfee
6500ddeb000000001e023185,normal,洛杉矶｜这家羊蝎子确实不错🥰🥰,"⚠️本人广东人，对羊蝎子确实没什么深入研究，无法评判是否正宗，仅代表个人口味是好吃的！
	
前段时间朋友约我去吃这家东镇火锅。说实话LA大大小小的火锅店太多了，这家还有点陌生。去之前还专门在小红书上搜索了一下，发现褒贬不一还有些忐忑[叹气R]事实证明还是值得一去的。
	
🌟一定要点羊蝎子，非常软烂入味！建议在锅底之外再额外加一份[萌萌哒R]因为一份真的不够吃！！除羊蝎子锅底外，还有椰子鸡、猪肚鸡、麻辣等其他锅底可选，可以选个相对清淡点的锅底和羊蝎子中和一下。
	
🌟这家店的肉类都非常新鲜，可以随意放心点！而且店家特别贴心会在每盘肉上放置名牌告诉你它是哪个肉，这个小细节有点加分👍毕竟各种牛羊肉片咋一看都长一样，很难区分。有时候一起吃饭的朋友对某一种肉过敏，大家涮肉的时候分不清就很麻烦。
	
🌟另外，宽粉、莴笋、涮火锅很入味！虾滑也不错，推荐！小吃点的小酥肉，很香！
[赞R]调料区有调好的麻酱，对本南方人十分友好hhh
[赞R]可乐、雪碧等饮料可以无限续杯，很划算！
	
💰总体来说性价比很高！我们人均50刀，最后还没吃完打包了三盒菜品走。
	
走的时候看到门口宣传每周二是girls night，好像带女生来有优惠？具体优惠没有仔细看。感兴趣可以周二去吃吃看！
	
📍 18268 Gale Ave B, City of Industry, CA 91748
	
  ",1694555627000,1694555627000,59d359a8de5fb47028aa4144,LiangTT,https://sns-avatar-qc.xhscdn.com/avatar/62d0c522ea01952281aadd40.jpg,153,187,14,88,,"https://sns-img-bd.xhscdn.com/084bdab7-bf71-9064-0023-5551197294f3,https://sns-img-bd.xhscdn.com/102881c1-59e3-3d5c-8d51-7b0974575a28,https://sns-img-bd.xhscdn.com/cc453b09-b406-626d-aa6b-2244cb004148,https://sns-img-bd.xhscdn.com/fc4c2101-43b0-a4c1-4c52-96c2f9202d30,https://sns-img-bd.xhscdn.com/005f0369-46d5-9ba6-4e79-a612fd0d2c22,https://sns-img-bd.xhscdn.com/9c5cebd1-44a0-1f99-8cb9-41de391df51f,https://sns-img-bd.xhscdn.com/99d32fcb-5958-002c-802c-3ee079248cce,https://sns-img-bd.xhscdn.com/c19961ba-de0c-738e-2439-f1296f9c6f07",1702880455529,https://www.xiaohongshu.com/explore/6500ddeb000000001e023185
62259382000000002103de1c,normal,洛杉矶｜不远万里只为来吃这几家超棒的中餐,"好几年没有回国啦
这次来洛杉矶最大的目标就是吃吃吃！
全美最好吃的中餐就是在洛杉矶吧
虽然肯定没有办法跟国内的比，但这些热量炸弹也算解馋啦！
分享6家我超喜欢的中餐店（外加一家日式烧烤）
下次来也要按照这个吃一遍呀
.
那家小馆
9055 Las Tunas Dr , Temple City, CA 91780
唯一的米一中餐
酥皮虾连皮都可以吃
最难得的是肥肠，一点也不腥不油腻
腐竹也是在美国吃到最好吃的，嫩薄入味
.
从前的小酒馆
1675 S Azusa Ave, Hacienda Heights, CA 91745
最最喜欢的烤串店！
小串超级入味，特别是玉米粒
烤饼一定一定要点，铁锅烙出来的味道，夹肉yyds
.
太极
5414 Walnut Ave, Irvine, CA 92604
以前常吃的早餐店
煎饼果子烤冷面豆浆豆腐脑油条包子
应有尽有
.
锦城里
13816 Red Hill Ave, Tustin, CA 92780
不油不辣的川菜
翘脚牛肉和红油抄手是招牌
香酥骨貌似没有之前做的好吃了，可能厨师请假了吧哈哈
.
品味长安
13051 Newport Ave, Tustin, CA 92780
很多人对这家店都是褒贬不一
可是我觉得这家店好吃耶
尤其是葫芦鸡，皮酥肉嫩，香烂香醇
还有荔枝虾球，颜值高味道好
.
那年遇见
18331 Colima Rd, Rowland Heights, CA 91748
点了鸳鸯锅是微辣人是最后的倔强
可是其实还是红油锅好吃
最喜欢的涮串是：麻辣小郡肝 牛肉卷豆角 香肠 莴笋和南瓜
最后推荐秘制蘸料：香油 盐 芝麻 简简单单蘸肉很好吃
.
ANJIN
3033 Bristol St, Costa Mesa, CA 92626
虽然不是中餐 但也懒得单独写这家店了
干脆合并在这里 因为这家店简直太好吃啦
四号大理石花纹肉是提前腌制过的，滋滋喷香呀
.
洛杉矶之旅好快就结束了
最难忘的还是这些舌尖上的味道
也让我吃胖了好几斤哈哈哈哈
私心希望这些店都能开来北加，其实也没有很远嘛～
     ",1646629762000,1646629763000,5cc402bc0000000012015222,鸭梨橘,https://sns-avatar-qc.xhscdn.com/avatar/61ca8d2a9b65e05ce4e1e96c.jpg,339,455,7,139,,"https://sns-img-hw.xhscdn.net/37b4f74c-cf11-7f4d-5270-fdca5425e779,https://sns-img-hw.xhscdn.net/f81df347-d3b8-bb79-7837-90fdd1e4f0be,https://sns-img-hw.xhscdn.net/42150631-3090-5817-4b98-6b059464799b,https://sns-img-hw.xhscdn.net/6f713bd4-5e7e-4703-1b71-498bccc697bc,https://sns-img-hw.xhscdn.net/e49dadaf-47bb-aa62-19d6-ec26b02929d3,https://sns-img-hw.xhscdn.net/389534fb-781b-c99f-4fc8-5cf0737bf08a,https://sns-img-hw.xhscdn.net/0d35e47b-c1f7-b172-c426-5c4e055e4cb2,https://sns-img-hw.xhscdn.net/94e6f1db-0240-113c-d658-6ed80e8ac88f,https://sns-img-hw.xhscdn.net/34c4fd25-5341-02e2-67ed-5de4148649ad",1702880455560,https://www.xiaohongshu.com/explore/62259382000000002103de1c
61cf99bc000000002103ebad,normal,💥洛杉矶终.极中餐集合宝典，建议️收藏⚠️,"🌟年终美食总结，虽迟但到！🌟
洛杉矶给了我很多长胖的机会，我都抓住了！在2021年的zui后一天，总结一下我这些年在LA吃过的中餐们，按省份分，每家都会写一道我喜爱的菜品：
.
1⃣️ 大湾区
祥记私房菜 👉 五柳炸蛋
原味店👉免治牛肉烩饭
原汁原味👉菠萝猪扒包，漏奶华
九龙冰室👉焗猪扒饭
伟记小厨 👉台山菜头煲仔饭
豪记面馆👉烧鸭
RiceBox👉黯然销魂饭（叉蛋饭）
Pearl River Deli👉 澳门菠萝猪扒包
海港大酒楼👉 金箔流沙包
一揽天 👉 糯米鸡
添好运👉酥皮叉烧包
味稻👉手撕🐔
避风塘👉避风塘炒蟹
讲饮讲食 👉豆角猪肉肠
.
2⃣️ 四川
东西食堂 👉 乐山甜皮鸭
锦城里👉蒜泥白肉
成都映象👉泡椒鲈鱼
那年遇见串串 👉小郡肝
吴铭怀旧火锅  👉 老板炒饭
海底捞火锅罗兰岗店👉 番茄锅底
老码头火锅👉黑豆腐
.
3⃣️重庆
唇辣号火锅 👉无骨鸭掌
滋味小面👉重庆碗杂面
山城辣妹子👉小吃bar
.
4⃣️ 新疆
阿凡提维族美食👉 干煸炒面
.
5⃣️广西
五星米粉 👉老友炒粉
周记桂林米粉 👉干捞牛肉锅烧粉
.
6⃣️ 东三省
山里屯 👉 铁锅炖大鹅
东北酒家  👉 锅包肉
喝丢一只鞋 👉生肉串
一起撸串吧 👉香辣蟹
.
7⃣️ 湖南
辣椒王👉擂辣椒茄子皮蛋
洞庭春👉农家小炒肉
.
8⃣️ 湖北
一品香👉热干面
.
9⃣️ 西安
Meet Qin Noodles👉孜然羊肉裤带面
Bang Bang Noodles👉biang biang面
西安食府👉 炸串夹馍
.
🔟 包邮区
隆兴记👉蟹黄汤包
裘家阿姨上海菜👉鞋底年糕
上海人家👉生煎包
鼎泰丰👉糖醋排骨
.
1⃣️1⃣️ 山东
大院炒鸡👉蛤蜊炒🐔
鲁味居👉 牛肉卷饼
壹家砂锅馆👉黄焖🐔米饭
鲁豫水饺👉羊肉白菜
.
1⃣️2⃣️ 北京
北京缘👉羊蝎子火锅
那家小馆👉酥皮虾
眉州东坡👉北京烤鸭
.
1⃣️3⃣️ 天津
金海餐厅👉 煎饼果子
.
1⃣️4⃣️ 山西
山西百年面道 👉剔尖儿
.
1⃣️5⃣️ 宝岛
颐中福👉三杯🐔
欣欣小美👉番茄炒蛋
.
1⃣️6⃣️云南
禄鼎记👉过桥米线
.
1⃣️7⃣️河南
家乡面馆👉羊肉烩面
.
1⃣️8⃣️甘肃
1919兰州牛肉面👉 兰州牛肉面
.
    ",1640995260000,1641000671000,5a5641e34eacab5d2a65d86c,洛杉矶经典男孩,https://sns-avatar-qc.xhscdn.com/avatar/635f30fea306c9f048874279.jpg,1173,2067,106,814,,"https://sns-img-bd.xhscdn.com/a824c9e3-cf8b-1354-869b-265f7e1279dc,https://sns-img-bd.xhscdn.com/26f8b789-7c42-5b04-d0e4-ed505f8cb7c7,https://sns-img-bd.xhscdn.com/83d3b466-7d74-d05e-97d1-e09d4f66cbc7,https://sns-img-bd.xhscdn.com/185c0f7f-1567-e30f-4c08-9cec92cf3c7a,https://sns-img-bd.xhscdn.com/395c08e5-2fa7-6e21-de9e-e3b7e9532c58,https://sns-img-bd.xhscdn.com/e114f3bc-f395-3e13-989c-3b54ef1936f4",1702880455586,https://www.xiaohongshu.com/explore/61cf99bc000000002103ebad
6333355300000000170232fa,normal,洛杉矶｜终于找到一家我愿意二刷的店,"LA好吃的千千万，很难有一家让我愿意二刷
也许因为我本身就是江浙沪的，这家本帮菜，光看菜单就勾起了许多回忆👍
—
🔸菜品：
图1：红烧肉
图2：本帮熏青鱼
图3：桂花糖莲藕
图4：腌笃鲜砂锅
图5:  上海咸肉菜饭
图6:  响油鳝糊（韭黄）
最后再来一张红烧肉特写
💰六道菜小费前$150左右
	
✅下次等着去打卡的：
1. 冰糖元蹄
2. 四喜烤麸
3. 咸蛋黄狮子头
4. 本帮老鸭锅
5. 秘制八宝饭
6. 桂花酒酿圆子
7. 马兰头
8. 生煎
	
🍽️ 体验：
每道菜摆盘精致，有大圆桌也有包厢
适合人多聚餐
服务员大多都是上海人，可能去的早，体验到了在中餐厅前所未有的好服务
·
在湾区的时候一直没有找到一家喜欢的上海菜，终于在la找到了
下次再去试一下Auntie Qiu
·
In a nutshell 👉 适合聚餐 + 喜爱甜口
—
📌Shanghailander Palace 上海滩
📍 1440 S Baldwin Ave, Arcadia
📍 1695 S Azusa Ave, Hacienda Heights
—
碎碎念：撑到要去对面的大华逛超市
然后没忍住，去喝了杯本宫的茶
—
  ",1664300371000,1664300409000,608c55490000000001006f32,purple麻薯,https://sns-avatar-qc.xhscdn.com/avatar/62f3bae886cab5466fbbd657.jpg,590,795,38,365,,"https://sns-img-hw.xhscdn.net/8bb71045-6431-ba48-7096-92182511f7d0,https://sns-img-hw.xhscdn.net/624faccd-b386-188a-dd29-4a3f06b851a0,https://sns-img-hw.xhscdn.net/393b9052-aa30-117c-bdd6-772671a54f44,https://sns-img-hw.xhscdn.net/e7f18729-1a21-cf34-fe29-be99cb572ccc,https://sns-img-hw.xhscdn.net/5cbfe4b1-c6f5-4f8c-9b5e-9a06732678ea,https://sns-img-hw.xhscdn.net/27761883-adc8-4301-4039-6401a66cb2a3,https://sns-img-hw.xhscdn.net/5e6b3e64-765c-cc40-a440-b1993a05732b,https://sns-img-hw.xhscdn.net/811557a0-39e6-29ab-6b2d-bd3eab46889a,https://sns-img-hw.xhscdn.net/288d1abc-a2d2-04a9-8f18-63306fce2b13",1702880455616,https://www.xiaohongshu.com/explore/6333355300000000170232fa
649a70d2000000001303cd27,normal,终于～攒出一套LA美食清单,"▫️一直没get LA美食天堂，终于！这次餐餐都很满意，中国胃吃的很舒服～分享这份清单：
	
1⃣️北京缘
📍Beijing Tasty House
北方常见炒菜都有，也是开了多年老店。这次点的炖鱼泡饼很香；新疆拉条子分量足，酸甜口很开胃。肉夹馍、蒜蓉油麦菜都非常成功👍还有烤鸭、烤鱼这种大菜，是我们在LA每次必吃榜[赞R]
.
2⃣️隆兴记
📍Long Xing Ji Juicy Dumpling
这次最大的惊喜～来之前就非常期待！是没有失望的，甚至被伙伴标记LA 🔝必吃[偷笑R]万众期待的蟹粉大汤包，汤汁足用吸管从头喝到尾。无锡风味，喜欢江浙菜的一定要去～同时这个plaza和对面还有很多中餐[哇R]
.
3⃣️裘阿姨
📍Auntie Qiu Kitchen
本来是随便吃吃，没想到非常满意！上海菜，喜欢的雪菜肉丝面、梅干菜红烧肉、小馄炖、蛋饼、肉粽全部都有！感觉冲着喜好随意点就能吃个肚圆[赞R]
而且服务阿姨很热情是特别愉悦的一餐～
.
4⃣️1919兰州牛肉面
📍1919 Noodle Express
无意间去黄金阁发现的，虽然比较简单以面、盖饭为主，点的兰州牛肉面、排骨饭、凉拌黄瓜都超级好吃！！尤其黄瓜那个味道真是小菜之光，现在还有点馋。辣椒酱也是店家自己做的，偏中式快餐但吃得很舒服，如果在附近是个不错选择！
.
5⃣️早点：金海餐厅
📍FORTUNE NO 1
作为有吃早餐习惯的北方胃，能找到这家很满足。天津风味～标准北方发面大包子，一份8个，素茴香馅🉑️。还能吃到豆腐脑、煎饼、油饼油条。有一日打包了红豆/绿豆饼作为去迪士尼的补给，也格外好吃！足足的家乡早点铺子味儿，感叹不愧是LA中国城，啥都能吃到[赞R]
.
6⃣️Chef Tony
粤菜是必不可少的，刚好Monterey Park Courtyard新开这家，地图上还没有。环境好，刚开业一个月，餐食也蛮新鲜，炒芥兰格外脆爽。点的虾饺、凤爪、流黄包、南瓜汤都没有雷。
.
7⃣️黄金阁海鲜酒楼
📍Atlantic Seafood and Dim Sum
就在酒店马路对面步行即可。传统粤式，主要因为有早茶，还是阿姨们推车点菜[偷笑R]填饱肚子没问题👌
	
😋北方胃基本上在这几家找到了所有喜欢的，如果喜好一致这份清单一定会帮到你[派对R]
    ",1687843026000,1687843026000,57af6a145e87e77f76c8c515,AnAn,https://sns-avatar-qc.xhscdn.com/avatar/57af6a145e87e77f76c8c515.jpg,193,251,2,61,,"https://sns-img-hw.xhscdn.net/d69c6a57-7049-ab39-a290-41684ed347a3,https://sns-img-hw.xhscdn.net/27edcbf2-cac2-5be7-18d0-487aaa092385,https://sns-img-hw.xhscdn.net/679e37f4-b59a-d2ec-bd4a-5882083ddb3e,https://sns-img-hw.xhscdn.net/d2d485b3-795f-5db4-9f2a-c7c31b4851f9,https://sns-img-hw.xhscdn.net/1351f4cc-ab07-1b1d-ab9d-ea0e35dd4aa7,https://sns-img-hw.xhscdn.net/8ef39395-826b-cc55-2d95-7a9cecdd5007",1702880455646,https://www.xiaohongshu.com/explore/649a70d2000000001303cd27
65512b6000000000320297bd,normal,La探店｜吐血整理la湘菜红黑榜！看这篇就够啦,"小红薯们好呀，我是良心美食纠察队长蛋蛋，为你探店排雷，带你吃遍玩遍南加🌺。今天我要和你们分享在洛杉矶不能错过和必须避雷湘菜馆！💥
	
❤️ 墙裂推荐 ❤️
	
洞庭湖
🍽 推荐菜：皮蛋茄子擂辣椒，干锅青蛙
🌟 理由：老板娘亲切，服务超级棒，这里的菜色简直是一绝！✨
	
胡一南
🍽 推荐菜：土家牛腩粉，湖南小炒肉，胡师傅卤炒，热卤鸭腿
🌟 理由：他家主打湖南米粉，上菜迅速，小哥的服务超级到位，是洛杉矶地区少数新派长沙菜系代表！🔥
	
红辣椒
🍽 推荐菜：擂茄子，干锅玉子豆腐，湖南小炒肉
🌟 理由：菜的味道绝了，上菜速度也很快，不容错过！👌
	
❤️ 值得一试 ❤️
	
洞庭春
🍽 推荐菜：陈潭辣炒土鸡，紫苏田鸡，干锅花菜
🌟 理由：服务一般，但味道辣到过瘾，是个值得尝试的地方。🌶️
	
小辣椒
🍽 推荐菜：皮蛋茄子擂辣椒，剁椒炒鸡蛋，清炒莴笋，酸豆角鸡胗
🌟 理由：服务不错，虽然不是很辣，但味道也不错。🍜
	
🤔 谨慎考虑 🤔
	
辣椒王
🍽 推荐菜：香辣去骨鸡丁，口味鱼片，韭菜炒豆芽
🌟 理由：炒田鸡肉少，骨头多，味道中规中矩，服务态度很差，服务员脸很臭。😕
	
🚫 不推荐 🚫
	
喜湘御
🍽 推荐菜：无
🌟 理由：吃完直接喷射战斗机，拉肚子四次，菜品不干净，服务一般。千万别尝试！💩
	
嘿，快去尝试一下吧！别忘了在小红书上留下你的美食心得哦！🍜✨
                       @日常薯 @薯队长 @生活薯",1699818336000,1699819227000,5df9b0c9000000000100bb12,蛋蛋吃在南加,https://sns-avatar-qc.xhscdn.com/avatar/1040g2jo30qelncapg6005nfpm34g9eoiv53bk8o,234,270,201,111,,"https://sns-img-hw.xhscdn.net/a3c3fe16-be93-b7ce-24f0-1c38d5086624,https://sns-img-hw.xhscdn.net/d8189f51-9684-1dcf-6a4a-f35079b9cbd1,https://sns-img-hw.xhscdn.net/1d80e550-e3c3-c5b3-101c-0c5bc7b2c61c,https://sns-img-hw.xhscdn.net/6efd80dc-b6f5-52f1-f970-62bfa3b20717,https://sns-img-hw.xhscdn.net/ccbb5f5d-e7f8-a714-5152-7dddaa38e621,https://sns-img-hw.xhscdn.net/c4897387-8f2b-0c76-f4e5-91c606f10271,https://sns-img-hw.xhscdn.net/b1c85eae-eae9-e9b1-2f9d-d7582639890a,https://sns-img-hw.xhscdn.net/4f712685-c17f-bf2a-6fd7-b25a67b87689,https://sns-img-hw.xhscdn.net/48062d6c-0902-af8c-9278-eb44affc5a07,https://sns-img-hw.xhscdn.net/abd11a87-5e45-cf3a-03ab-04ca9506c8b4,https://sns-img-hw.xhscdn.net/23fda4bd-3f68-7000-a379-1d36fc0ccb7c,https://sns-img-hw.xhscdn.net/20271692-2c7d-f2ca-524a-e7ddce5fcc24,https://sns-img-hw.xhscdn.net/454227b6-0eca-9eb6-2b9e-c22c2ff5f53c,https://sns-img-hw.xhscdn.net/d23e39a2-78ff-d393-7af1-cb550d0b1a17,https://sns-img-hw.xhscdn.net/a12537d9-a686-0f12-0383-c8e5dfebdb47,https://sns-img-hw.xhscdn.net/13748b16-9192-ab37-32ad-4989b77fd072,https://sns-img-hw.xhscdn.net/3f1f5fce-167d-aa20-be85-fd3016259d4c,https://sns-img-hw.xhscdn.net/0548c1b4-371f-7b3c-7736-155d0b7533b5,https://sns-img-hw.xhscdn.net/a3e748df-a352-a79c-8459-a496ca4cfcea",1702880455673,https://www.xiaohongshu.com/explore/65512b6000000000320297bd
654c05c3000000000f025f8d,normal,洛杉矶美食｜SG新开的大排挡好火爆哦🔥,"相信大家都被最近新开的大排挡给刷屏了吧~于是我也跟着@Henry Huang 🏖 去打卡啦🙋‍♀️他家下午5点开门就已经开始有人在等位了！幸好我们早点过去并没有等很久就吃到咯😌
✨臭豆腐锅：我最喜欢的臭豆腐锅！酸辣味的汤底一直浸泡着黑色的臭豆腐，吃上一口在嘴里爆汁那味道特别香！里面还有豆芽，腐竹，肥肠，笋和煎过的荷包蛋🍳份量很足
✨铁板蛏子/牛蛙/海螺：蛏子是最好吃的😋每一个都非常饱满吃得很满足！牛蛙的肉很嫩但味道不是很入味🐸海螺一整个处理的很干净外面都是蒜蓉牛油，用牙签一弄就一整个下来了🐚
✨烤鸡脆骨/羊肉/猪蹄：我对鸡脆骨不是很感冒，但是羊肉烤串味道很不错哎！多汁又保留了羊肉本身的味道。猪蹄也是很好啃🤣
✨甜品毒蘑菇：奥利奥底下是椰子冻，最上面的巧克力冰淇淋，我觉得最好吃的是中间白色的咸口冰淇淋，是有点像cheesecake的口感🧀
我们还点了杯喝的，真的很大杯我们四个人share都喝不完😂一整个体验还不错，装潢和氛围感非常好👍而且他家还有卡拉OK包间哎！老板说之后还有更多的新菜品会上来，期待一下下☺️
🥘大排档DaPaiDang
📍250 W Valley Blvd, San Gabriel CA 91776
         ",1699481027000,1699481028000,5bdce14bd7773d00011526eb,雅酱-c,https://sns-avatar-qc.xhscdn.com/avatar/5f4030132dc06a00017b8d48.jpg,84,106,5,123,,"https://sns-img-hw.xhscdn.net/19451086-a980-00b9-c999-0fef9876218b,https://sns-img-hw.xhscdn.net/7609531c-d0b6-b061-abec-0f978763b4f0,https://sns-img-hw.xhscdn.net/9c72ae6a-1d63-743f-6bfa-eceb9c6c9fa0,https://sns-img-hw.xhscdn.net/af8fd7ec-edf3-5baf-63d4-cbc3148465a5,https://sns-img-hw.xhscdn.net/dfb702ab-c577-34be-d759-767d04904892,https://sns-img-hw.xhscdn.net/68f4a7a5-6a6c-81dd-9eea-1e712acba716,https://sns-img-hw.xhscdn.net/c3563feb-ebe7-467a-fab3-78b0830fb95e,https://sns-img-hw.xhscdn.net/103956b4-17aa-c4ba-a820-e18fd7d539f8,https://sns-img-hw.xhscdn.net/b0a468a4-20bd-5a99-5957-8bf5234c67cc,https://sns-img-hw.xhscdn.net/1669930a-d390-23e5-b4aa-842278effd31,https://sns-img-hw.xhscdn.net/7b917936-ef99-0de2-3f90-e9febeed11fc,https://sns-img-hw.xhscdn.net/30cf6a5c-0357-2bdb-3a2d-5116b3b45c29,https://sns-img-hw.xhscdn.net/d602b67d-83ff-ed91-e01f-6297d93c8494,https://sns-img-hw.xhscdn.net/e3b48244-c2bb-8ebe-476d-d9e0d78c2249,https://sns-img-hw.xhscdn.net/cf43da19-7481-44b4-3d13-ee1a433a9994",1702880455703,https://www.xiaohongshu.com/explore/654c05c3000000000f025f8d
6405ba76000000001300c8e6,normal,洛杉矶｜中餐厅测评,"以下评分只考虑好吃 不考虑环境：
【那家小馆】🌟🌟
就是吃个米其林的氛围 菜真的太咸了
【眉州东坡】🌟🌟🌟🌟🌟
烤鸭 扣肉 红烧肉 小炒肉 汤圆 都好吃
美中不足：他们家蔬菜炒的都不咋好吃
【Tasty Noodle House】🌟🌟🌟🌟🌟
太正宗的中国菜了
很符合本江浙沪人的口味
美中不足：餐厅环境一般
【鼎泰丰】🌟🌟🌟🌟✨
很精致 很干净 服务好
但没饭菜吃着香哈哈哈
【壹家黄焖鸡】🌟🌟🌟🌟🌟
太正宗太香了吧 救命
美中不足：在圣盖博 离我太远
【上海滩】🌟
因为那天在养胃 点的都很清淡
但都不是很好吃 一般般
	
家人们还有什么中餐厅推荐吗[暗中观察R]
	
         ",1678097014000,1678097158000,5fcb35ec000000000100355f,板蓝根小粥,https://sns-avatar-qc.xhscdn.com/avatar/61bcdd20fbb8edd64216ac16.jpg,186,166,12,77,,"https://sns-img-qc.xhscdn.com/ff75c077-0e22-a5a9-e68c-316942924ba6,https://sns-img-qc.xhscdn.com/7e738ada-e066-ea7f-35f8-9795de38e5c9,https://sns-img-qc.xhscdn.com/ecdb83bb-eec9-1c19-becf-2f7d6e6b7391,https://sns-img-qc.xhscdn.com/8e4b1f4f-2437-06db-6023-bc79c5e59f5e,https://sns-img-qc.xhscdn.com/d3bd4b8f-afc5-bcc9-1abb-bea551fc688d,https://sns-img-qc.xhscdn.com/9b30ea79-5d39-d1a0-9412-9e2bbb084d46,https://sns-img-qc.xhscdn.com/e0c1d4f6-2381-af9e-7e39-f285f26424e1,https://sns-img-qc.xhscdn.com/d67e24d7-ce83-792b-ecc6-8cbbe2baf993,https://sns-img-qc.xhscdn.com/ae72b18f-83f4-0f8d-71db-b285fe30035e,https://sns-img-qc.xhscdn.com/6a73d5a2-ded6-7b55-6423-89fec5dbd2f8,https://sns-img-qc.xhscdn.com/5921f205-1c4e-873c-b7a6-cf7fcf230794",1702880455734,https://www.xiaohongshu.com/explore/6405ba76000000001300c8e6
64d30bc8000000000800c4b6,normal,洛杉矶LA｜吃饭特种兵中餐合集，多图预警🤩,"P1-5 Auntie Qiu Kitchen
我们点的有点多，整体来说挺推荐的，可以吃到很多在美国餐厅不多见的上海点心。推荐咸豆腐脑，桂花条糕，排骨年糕和响油鳝糊，虽然响油鳝糊也不是很正宗但感觉味道比西雅图的shanghai house好吃
推荐指数：🌟🌟🌟🌟
	
P6-8 Nanjing Salted Duck
太久没吃了真的很馋鸭血粉丝汤！所以虽然这家店很远我们还是硬挤出时间去吃了。点了皮肚面，鸭血粉丝汤，和半只盐水鸭。我不是南京人不知道正不正宗，但皮肚面和鸭血粉丝汤味道都还不错，就是鸭血切的太小块了吃的有点不过瘾。盐水鸭我之前好像没吃过，感觉不如烧鸭烤鸭好吃，有点太咸了😂
推荐指数：🌟🌟🌟
	
P9隆兴记
之前小红书做功课看到大家说只有小笼包好吃，吃米一的那天晚上胃里还有空位就点了个外卖😂点的是猪肉蟹肉混合的小笼包，比鼎泰丰便宜还比它好吃
推荐指数：🌟🌟🌟
	
P10-11 chao Wei ju
也是第一次吃牛肉粿条，有点像清淡版的越南粉，蛮好吃的。这家量挺大挺实惠的，每个卡座还有小茶壶感觉很精致。我们还点了手抓沙茶骨，男票说像沙县小吃😂就可点可不点
推荐指数：🌟🌟🌟🌟
	
P12-13 MIAN 滋味小面
本来不在计划内的一家，刷到是米其林推荐就来吃了，因为之前吃的米其林推荐都蛮好吃😂我们点了一碗成都杂酱面一碗生椒牛肉面，面本身都是同一种，粗细软硬程度都刚好是我喜欢的。这两碗面调味也很不错，尤其是是生椒牛肉面花椒的味道很香
推荐指数：🌟🌟🌟🌟
    ",1691552712000,1691552859000,5f464dc70000000001002755,LorBravo,https://sns-avatar-qc.xhscdn.com/avatar/63524f731d29f550a4e47d16.jpg,83,105,17,16,,"https://sns-img-bd.xhscdn.com/18c78c10-8ca2-c96b-4561-d87a7e5588e8,https://sns-img-bd.xhscdn.com/ec200f26-ce6a-fac9-f658-357436c8aee2,https://sns-img-bd.xhscdn.com/35972627-d524-270e-e60e-e97c789635f1,https://sns-img-bd.xhscdn.com/93deebbb-af74-3e03-4547-2c6088d97173,https://sns-img-bd.xhscdn.com/a2bcb341-a327-6bfd-375f-769a6afd77b3,https://sns-img-bd.xhscdn.com/9b5e8b04-1c01-0f72-92be-19fbcaf3aa49,https://sns-img-bd.xhscdn.com/33b97549-cd42-1519-8ade-c11561d25ee8,https://sns-img-bd.xhscdn.com/bb23474f-6d82-86c6-7bc3-a43600ce4fe6,https://sns-img-bd.xhscdn.com/f66c0ff3-630a-c393-882d-b6881019cb55,https://sns-img-bd.xhscdn.com/8179863a-bfec-92fd-ade0-5caf86b1c00f,https://sns-img-bd.xhscdn.com/1214e3d7-d954-ee77-6cf5-2d9839932407,https://sns-img-bd.xhscdn.com/6c7dc750-1202-f0f0-8694-141e9c648a50,https://sns-img-bd.xhscdn.com/0b820a4d-b0f4-f3b4-6fc7-ec76c794fabb",1702880455764,https://www.xiaohongshu.com/explore/64d30bc8000000000800c4b6
62ca197f000000000b02a61e,normal,洛杉矶东北菜丨山里屯铁锅炖诚实测评💚,"最近沉迷东北菜
打卡一家在Rowland附近的铁锅炖[派对R] 山里屯（Happy valley village）店内装修也是东北风格的，大花坐垫分分钟想盘腿坐[笑哭R]
疫情之前去过一次，还记得吃的铁锅炖大鹅，鹅肉太老咬不动[捂脸R]，这次再去他家菜单上大鹅已经被划掉了。
	
⭐️我们点的羊蝎子锅 2人份+贴饼子（一份4个），加了宽粉 冻豆腐 玉米 都很搭[赞R] 好吃推荐👍🏻
饼子一般，本来想点花卷的但是没有了[哭惹R]
	
⭐️还要了老式锅包肉，一定要趁热吃，外酥里嫩，凉了就硬了咬不动，他家锅包肉偏甜（新式的有番茄酱会不会酸一点？有吃过的友友麻烦告诉我一下[笑哭R]）
	
下次还想去吃大麻花和雪绵豆沙[哇R]（看到其他桌好多人点哈哈哈）我们就两个人完全吃不完，最后还打包很多回家[捂脸R] 大家最好多找几个人去吃
总体来说还不错吧，没有很惊艳，我们两个人花了108（小费前）打分4/5（仅供参考 因为我确实还想再去尝尝别的锅[笑哭R]）
	
          ",1657411967000,1657420250000,5d796fff0000000001009c15,一只桃儿🍑只想出去玩,https://sns-avatar-qc.xhscdn.com/avatar/1040g2jo30sgdcmv836005nbpdvvg970lno9mkgo,168,156,27,555,,"https://sns-img-bd.xhscdn.com/cd3111e5-f469-d02e-b4d9-eb73a692aa7c,https://sns-img-bd.xhscdn.com/b25a7529-a81e-0795-d2a5-692248d9fe81,https://sns-img-bd.xhscdn.com/0f71a7fa-a562-9bbe-1e8d-9bc47c490040,https://sns-img-bd.xhscdn.com/3cb0cc66-5904-6ed0-b7c6-14f4926ae4f1,https://sns-img-bd.xhscdn.com/e810de93-b65f-7df5-b3b9-b98fd71e2dca",1702880455796,https://www.xiaohongshu.com/explore/62ca197f000000000b02a61e
65694267000000003202e475,normal,洛杉矶｜新开的蒙古草原羊肉店太好吃超正！🐑,"🐑Finally找到一家蒙古草原羊肉店！！🥣
洛杉矶华人区rowland还有什么新的惊喜快快来！
这家店前几天才刚刚开业
拉着我的好朋友们尝试了一下！
·
🐑✔️环境
草原手绘壁画让我一秒去到蒙古大草原🌿
图5我还在假装是我在画画🎨
背景音乐是那种“我和草原～有个约会～～”🌿🎵
吃饭心情不错 美滋滋的享受羊肉和大草原🐑
·
🐑✔️羊肉
🤎手把羊肉💰28.88:扎扎实实的根根羊肉实在👍🏼不愧豪爽的大西北蒙古人的店👍🏼自己去搭配小酱汁蘸料大口吃羊肉😆冬天独有的幸福😊
🤎滋补养肉💰28.88:复古版铜锅羊肉汤yyds一个北方人刻在冬日里的羊肉汤DNA🧬价格实惠👍🏼羊肉汤每一口的甘甜都在暖胃～喜欢喜欢😋
🤎酸菜炖白肉💰18.88:这个价格着实挺牛👍🏼桌上那一锅铜锅白菜肉酸汤被我们6个人夸了一晚上😂也是我的fav！酸酸的汤好适合天气变凉的日子～
🤎蒙古馅饼💰9.99三张:同款餐厅名字的馅饼确实可以👍🏼满满的肉馅儿和香气～是那种薄薄软软款的饼🉑️！
🤎羊肉炒饭💰15.99:今晚主打一个吃羊肉🐑羊肉炒入米饭里那个手抓饭的香就不言而喻了吧🥹
🤎其他的羊肉的大家可以试试我感觉应该都不错～
⚠️他们家量比较大（比想象的大）酌情点～
·
🔍：Mongolian Home Made Pie蒙古馅饼
🗺️：18900 Gale Ave, Rowland Heights, CA 91748
💰：人均$25-$40
·
🐑和@IvySong小宋同学🐰 一起探索惊喜✔️x
🐑                 ",1701397095000,1701397095000,5e8aadc000000000010050b9,IvySong小宋同学🐰,https://sns-avatar-qc.xhscdn.com/avatar/614158d60ff53525c9697ff6.jpg,475,582,81,632,美国,"https://sns-img-hw.xhscdn.net/34abd747-9205-d20c-29d0-9eae51620ce0,https://sns-img-hw.xhscdn.net/1045dbed-65b0-8953-aa04-8d7b2e7823a6,https://sns-img-hw.xhscdn.net/214db6c9-ff3e-cce4-ef56-e05c2ecdf23b,https://sns-img-hw.xhscdn.net/153495b9-b1bf-88d4-6903-b6dc50fbdcca,https://sns-img-hw.xhscdn.net/b9cab446-3b3f-107c-e187-30730b78d4d6,https://sns-img-hw.xhscdn.net/5145e449-f485-62d0-d8a6-3180cc94c4ca,https://sns-img-hw.xhscdn.net/14c139a6-677b-5d9b-2a2a-cb612671c8ad,https://sns-img-hw.xhscdn.net/38705616-e398-0899-8b3e-ac7e44de6ea7,https://sns-img-hw.xhscdn.net/32c76e97-7eac-a4dd-3541-fb29ea8a36e9",1702880455826,https://www.xiaohongshu.com/explore/65694267000000003202e475
63899229000000002203a2e1,normal,我愿称为洛杉矶最好吃的中餐-小酒馆,"来过好几次了，菜单上的任何东西都不会踩雷，来洛杉矶必吃的中餐厅没有之一。唯一的缺点就是排队时间比较长并且不能提前预约，每次基本上都要等半个小时以上。
推荐菜：把把烧，窝蛋茄子，烤馕（夹着把把烧简直不要太香）
💰人均30-50
📍地址：1675 S Azusa Ave, Hacienda Heights, CA 91745
 ",1669960233000,1669960234000,5e8791ec0000000001009bc5,斯密麻赛,https://sns-avatar-qc.xhscdn.com/avatar/635f6d9067fb91f080b10dbb.jpg,497,375,40,240,,"https://sns-img-hw.xhscdn.net/a12356a0-f14c-6dab-67a5-d3af0880b65c,https://sns-img-hw.xhscdn.net/c554c52a-4244-01f0-091b-2749516700fc,https://sns-img-hw.xhscdn.net/fe74315d-6d95-ede2-8030-be4467c42b71",1702880455853,https://www.xiaohongshu.com/explore/63899229000000002203a2e1
63790b29000000000e03afc8,normal,洛杉矶美食米其林一星-那家小馆Bistro Na,"每次去LA一定要排队的米其林一星中餐。一脚油门从湾区开到洛杉矶，第一站就是这家皇城宫廷菜，酥皮大明虾和珍宝蟹一定要尝试。珍宝蟹去晚了会售完。那家自制豆腐很特别，口感外酥里嫩。奶酪鱼作为饭后甜品简直是太满足了。浓香醇化的布丁口感。完全可以再点一份打包带走[笑哭R]
好希望那家小馆能开到湾区啊[飞吻R][飞吻R]
   
",1668877097000,1668877176000,599489a75e87e76ec42bb144,Angeladuck,https://sns-avatar-qc.xhscdn.com/avatar/6120a6f7998b0884797cc3e0.jpg,60,56,61,33,,"https://sns-img-hw.xhscdn.net/99bac051-766e-8f50-ac76-3ce851789351,https://sns-img-hw.xhscdn.net/5feefcf9-91a2-e0d8-81ff-d106d8e40bce,https://sns-img-hw.xhscdn.net/a28f9aae-b485-3eb1-9bd7-7d9c4885c41a,https://sns-img-hw.xhscdn.net/21e3d432-a09d-a046-d5ff-3a82a5e7db6e,https://sns-img-hw.xhscdn.net/ab24cb56-d174-1dd1-4611-d60f1dd67a34",1702880455881,https://www.xiaohongshu.com/explore/63790b29000000000e03afc8
641611d10000000013005c7b,normal,LA华人区好吃的粤菜｜虫草花蒸鸡｜腊味煲仔饭,"刷到xhs上有人推荐了这家餐厅马上去了，量大好吃，没有任何营销，图中的腊味煲仔饭，虫草花蒸鸡菜单上都没有，可以提前给餐厅打电话预定。
	
🌟推荐
✔️虫草花蒸鸡
虫草花形似金丝线，口感脆嫩爽滑，具有独特的香气，鸡肉鲜嫩入味，平时吃得清淡的一定要点。
	
✔️腊味煲仔饭
量足扎实的煲仔饭，里面有腊肉，腊肠，干虾，白萝卜（老板菜单上写的小苹果，但我总觉得是萝卜丁），所有食材已经提前切成丁了，鲜咸焦的口感，锅底有锅巴。推荐！（量大够5-6人吃，是那种煲汤的大锅）
	
✔️带皮羊腩煲
喜欢羊肉的点，不吃羊肉的别点，有膻味。
	
✔️蒜蓉大豆苗
个人感觉就是比其他餐厅做的好吃。
	
📍
Papa Lu’s Kitchen 陆家村
13334 Ramona Blvd k, Baldwin Park, CA 91706
	
⌚️
11:00am-9:00pm
	
                  @吃货薯 @生活薯 @日常薯 @吃不饱同学 @小红书成长助手",1679167953000,1679167954000,5aa087bfe8ac2b334172d9cd,圆圆又饿了,https://sns-avatar-qc.xhscdn.com/avatar/6420236ecd57a43821bf5f1f.jpg,230,338,18,195,,"https://sns-img-hw.xhscdn.net/71b8dc91-020c-a168-237c-c1d408065b91,https://sns-img-hw.xhscdn.net/7574a30f-f874-1ff3-fbd7-8122f362dd75,https://sns-img-hw.xhscdn.net/7ce5c421-9d9d-e1bc-4668-ffdd3a06497b,https://sns-img-hw.xhscdn.net/216faaac-310f-bba9-097f-92cf1b6a3807,https://sns-img-hw.xhscdn.net/61cec153-4136-a62b-0733-c11aee2dfff3,https://sns-img-hw.xhscdn.net/df1f99a4-1a1e-b52d-2278-95514e9403a1,https://sns-img-hw.xhscdn.net/8411cb70-059c-0480-a600-53fb455c285b",1702880455907,https://www.xiaohongshu.com/explore/641611d10000000013005c7b
